file,start,dur,file_dur,size,mtime
casino-audio/Audio/card-fan-1.ogg,0.0,0.721,0.721,12489,1790652904
casino-audio/Audio/card-fan-2.ogg,0.0,1.307,1.307,18363,1790652904
casino-audio/Audio/card-place-1.ogg,0.0,0.689,0.689,9624,1790652904
casino-audio/Audio/card-place-2.ogg,0.0,0.459,0.459,8046,1790652904
casino-audio/Audio/card-place-3.ogg,0.0,0.883,0.883,11503,1790652904
casino-audio/Audio/card-place-4.ogg,0.0,0.601,0.601,9618,1790652904
casino-audio/Audio/card-shove-1.ogg,0.0,0.766,0.766,10690,1790652904
casino-audio/Audio/card-shove-2.ogg,0.0,0.767,0.767,10445,1790652904
casino-audio/Audio/card-shove-3.ogg,0.0,0.693,0.693,9948,1790652904
casino-audio/Audio/card-shove-4.ogg,0.0,0.809,0.809,10875,1790652904
casino-audio/Audio/card-shuffle.ogg,0.0,3.063,3.063,30002,1790652904
casino-audio/Audio/card-slide-1.ogg,0.0,0.601,0.601,8833,1790652904
casino-audio/Audio/card-slide-2.ogg,0.0,0.584,0.584,9042,1790652904
casino-audio/Audio/card-slide-3.ogg,0.0,0.598,0.598,9164,1790652904
casino-audio/Audio/card-slide-4.ogg,0.0,0.459,0.459,7912,1790652904
casino-audio/Audio/card-slide-5.ogg,0.0,0.601,0.601,9180,1790652904
casino-audio/Audio/card-slide-6.ogg,0.0,0.601,0.601,8780,1790652904
casino-audio/Audio/card-slide-7.ogg,0.0,0.636,0.636,9580,1790652904
casino-audio/Audio/card-slide-8.ogg,0.0,0.671,0.671,9863,1790652904
casino-audio/Audio/cards-pack-open-1.ogg,0.0,0.937,0.937,12715,1790652904
casino-audio/Audio/cards-pack-open-2.ogg,0.0,0.732,0.732,10918,1790652904
casino-audio/Audio/cards-pack-take-out-1.ogg,0.0,0.496,0.496,8269,1790652904
casino-audio/Audio/cards-pack-take-out-2.ogg,0.0,0.631,0.631,9424,1790652904
casino-audio/Audio/chip-lay-1.ogg,0.0,0.172,0.172,5720,1790652904
casino-audio/Audio/chip-lay-2.ogg,0.0,0.23,0.23,6123,1790652904
casino-audio/Audio/chip-lay-3.ogg,0.0,0.244,0.244,6327,1790652904
casino-audio/Audio/chips-collide-1.ogg,0.0,0.259,0.259,6356,1790652904
casino-audio/Audio/chips-collide-2.ogg,0.0,0.23,0.23,5987,1790652904
casino-audio/Audio/chips-collide-3.ogg,0.0,0.259,0.259,6301,1790652904
casino-audio/Audio/chips-collide-4.ogg,0.0,0.216,0.216,6038,1790652904
casino-audio/Audio/chips-handle-1.ogg,0.0,0.616,0.616,9374,1790652904
casino-audio/Audio/chips-handle-2.ogg,0.0,0.546,0.546,8639,1790652904
casino-audio/Audio/chips-handle-3.ogg,0.0,0.23,0.23,6261,1790652904
casino-audio/Audio/chips-handle-4.ogg,0.0,0.359,0.359,7347,1790652904
casino-audio/Audio/chips-handle-5.ogg,0.0,0.834,0.834,11273,1790652904
casino-audio/Audio/chips-handle-6.ogg,0.0,0.46,0.46,8909,1790652904
casino-audio/Audio/chips-stack-1.ogg,0.0,0.287,0.287,6469,1790652904
casino-audio/Audio/chips-stack-2.ogg,0.0,0.172,0.172,5642,1790652904
casino-audio/Audio/chips-stack-3.ogg,0.0,0.374,0.374,7203,1790652904
casino-audio/Audio/chips-stack-4.ogg,0.0,0.23,0.23,6095,1790652904
casino-audio/Audio/chips-stack-5.ogg,0.0,0.187,0.187,5749,1790652904
casino-audio/Audio/chips-stack-6.ogg,0.0,0.187,0.187,5821,1790652904
casino-audio/Audio/dice-grab-1.ogg,0.0,0.704,0.704,10278,1790652904
casino-audio/Audio/dice-grab-2.ogg,0.0,0.827,0.827,11437,1790652904
casino-audio/Audio/dice-shake-1.ogg,0.0,1.481,1.481,19388,1790652904
casino-audio/Audio/dice-shake-2.ogg,0.0,1.38,1.38,19976,1790652904
casino-audio/Audio/dice-shake-3.ogg,0.0,1.524,1.524,19722,1790652904
casino-audio/Audio/dice-throw-1.ogg,0.0,0.632,0.632,9523,1790652904
casino-audio/Audio/dice-throw-2.ogg,0.0,0.402,0.402,7545,1790652904
casino-audio/Audio/dice-throw-3.ogg,0.0,0.575,0.575,9231,1790652904
casino-audio/Audio/die-throw-1.ogg,0.0,0.532,0.532,8410,1790652904
casino-audio/Audio/die-throw-2.ogg,0.0,0.647,0.647,9824,1790652904
casino-audio/Audio/die-throw-3.ogg,0.0,0.733,0.733,10018,1790652904
casino-audio/Audio/die-throw-4.ogg,0.0,0.474,0.474,8159,1790652904
casino-audio/Preview.ogg,0.0,10.0,35.107,424935,1790652904
casino-audio/Preview.ogg,5.0,10.0,35.107,424935,1790652904
casino-audio/Preview.ogg,10.0,10.0,35.107,424935,1790652904
casino-audio/Preview.ogg,15.0,10.0,35.107,424935,1790652904
casino-audio/Preview.ogg,20.0,10.0,35.107,424935,1790652904
casino-audio/Preview.ogg,25.0,10.0,35.107,424935,1790652904
casino-audio/Preview.ogg,30.0,5.107,35.107,424935,1790652904
impact-sounds/Audio/footstep_carpet_000.ogg,0.0,0.145,0.145,6353,1790652904
impact-sounds/Audio/footstep_carpet_001.ogg,0.0,0.145,0.145,6411,1790652904
impact-sounds/Audio/footstep_carpet_002.ogg,0.0,0.145,0.145,6411,1790652904
impact-sounds/Audio/footstep_carpet_003.ogg,0.0,0.145,0.145,6301,1790652904
impact-sounds/Audio/footstep_carpet_004.ogg,0.0,0.145,0.145,6301,1790652904
impact-sounds/Audio/footstep_concrete_000.ogg,0.0,0.106,0.106,5808,1790652904
impact-sounds/Audio/footstep_concrete_001.ogg,0.0,0.108,0.108,6308,1790652904
impact-sounds/Audio/footstep_concrete_002.ogg,0.0,0.113,0.113,6255,1790652904
impact-sounds/Audio/footstep_concrete_003.ogg,0.0,0.11,0.11,5805,1790652904
impact-sounds/Audio/footstep_concrete_004.ogg,0.0,0.114,0.114,5912,1790652904
impact-sounds/Audio/footstep_grass_000.ogg,0.0,0.778,0.778,8290,1790652904
impact-sounds/Audio/footstep_grass_001.ogg,0.0,0.674,0.674,8313,1790652904
impact-sounds/Audio/footstep_grass_002.ogg,0.0,0.692,0.692,8278,1790652904
impact-sounds/Audio/footstep_grass_003.ogg,0.0,0.669,0.669,8129,1790652904
impact-sounds/Audio/footstep_grass_004.ogg,0.0,0.59,0.59,7800,1790652904
impact-sounds/Audio/footstep_snow_000.ogg,0.0,0.374,0.374,7880,1790652904
impact-sounds/Audio/footstep_snow_001.ogg,0.0,0.374,0.374,7794,1790652904
impact-sounds/Audio/footstep_snow_002.ogg,0.0,0.374,0.374,7694,1790652904
impact-sounds/Audio/footstep_snow_003.ogg,0.0,0.374,0.374,7860,1790652904
impact-sounds/Audio/footstep_snow_004.ogg,0.0,0.374,0.374,7630,1790652904
impact-sounds/Audio/footstep_wood_000.ogg,0.0,0.25,0.25,5949,1790652904
impact-sounds/Audio/footstep_wood_001.ogg,0.0,0.252,0.252,5929,1790652905
impact-sounds/Audio/footstep_wood_002.ogg,0.0,0.251,0.251,5895,1790652905
impact-sounds/Audio/footstep_wood_003.ogg,0.0,0.252,0.252,6207,1790652905
impact-sounds/Audio/footstep_wood_004.ogg,0.0,0.248,0.248,5799,1790652905
impact-sounds/Audio/impactBell_heavy_000.ogg,0.0,1.48,1.48,13915,1790652905
impact-sounds/Audio/impactBell_heavy_001.ogg,0.0,1.741,1.741,15577,1790652905
impact-sounds/Audio/impactBell_heavy_002.ogg,0.0,0.697,0.697,9252,1790652905
impact-sounds/Audio/impactBell_heavy_003.ogg,0.0,0.654,0.654,9429,1790652905
impact-sounds/Audio/impactBell_heavy_004.ogg,0.0,0.301,0.301,6529,1790652905
impact-sounds/Audio/impactGeneric_light_000.ogg,0.0,0.139,0.139,5827,1790652905
impact-sounds/Audio/impactGeneric_light_001.ogg,0.0,0.118,0.118,5636,1790652905
impact-sounds/Audio/impactGeneric_light_002.ogg,0.0,0.14,0.14,5795,1790652905
impact-sounds/Audio/impactGeneric_light_003.ogg,0.0,0.138,0.138,5792,1790652905
impact-sounds/Audio/impactGeneric_light_004.ogg,0.0,0.14,0.14,5747,1790652905
impact-sounds/Audio/impactGlass_heavy_000.ogg,0.0,0.241,0.241,7403,1790652905
impact-sounds/Audio/impactGlass_heavy_001.ogg,0.0,0.429,0.429,8946,1790652905
impact-sounds/Audio/impactGlass_heavy_002.ogg,0.0,0.247,0.247,7661,1790652905
impact-sounds/Audio/impactGlass_heavy_003.ogg,0.0,0.172,0.172,6956,1790652905
impact-sounds/Audio/impactGlass_heavy_004.ogg,0.0,0.399,0.399,8300,1790652905
impact-sounds/Audio/impactGlass_light_000.ogg,0.0,0.21,0.21,6526,1790652905
impact-sounds/Audio/impactGlass_light_001.ogg,0.0,0.21,0.21,6544,1790652905
impact-sounds/Audio/impactGlass_light_002.ogg,0.0,0.21,0.21,6562,1790652905
impact-sounds/Audio/impactGlass_light_003.ogg,0.0,0.21,0.21,6618,1790652905
impact-sounds/Audio/impactGlass_light_004.ogg,0.0,0.21,0.21,6641,1790652905
impact-sounds/Audio/impactGlass_medium_000.ogg,0.0,0.543,0.543,8400,1790652905
impact-sounds/Audio/impactGlass_medium_001.ogg,0.0,0.543,0.543,8605,1790652905
impact-sounds/Audio/impactGlass_medium_002.ogg,0.0,0.543,0.543,8341,1790652905
impact-sounds/Audio/impactGlass_medium_003.ogg,0.0,0.543,0.543,8596,1790652905
impact-sounds/Audio/impactGlass_medium_004.ogg,0.0,0.543,0.543,8397,1790652905
impact-sounds/Audio/impactMetal_heavy_000.ogg,0.0,0.168,0.168,6110,1790652905
impact-sounds/Audio/impactMetal_heavy_001.ogg,0.0,0.359,0.359,7279,1790652905
impact-sounds/Audio/impactMetal_heavy_002.ogg,0.0,0.117,0.117,5634,1790652905
impact-sounds/Audio/impactMetal_heavy_003.ogg,0.0,0.207,0.207,6209,1790652905
impact-sounds/Audio/impactMetal_heavy_004.ogg,0.0,0.134,0.134,5788,1790652905
impact-sounds/Audio/impactMetal_light_000.ogg,0.0,0.351,0.351,7651,1790652905
impact-sounds/Audio/impactMetal_light_001.ogg,0.0,0.252,0.252,6967,1790652905
impact-sounds/Audio/impactMetal_light_002.ogg,0.0,0.236,0.236,6804,1790652905
impact-sounds/Audio/impactMetal_light_003.ogg,0.0,0.482,0.482,9023,1790652905
impact-sounds/Audio/impactMetal_light_004.ogg,0.0,0.213,0.213,6675,1790652905
impact-sounds/Audio/impactMetal_medium_000.ogg,0.0,0.272,0.272,7117,1790652905
impact-sounds/Audio/impactMetal_medium_001.ogg,0.0,0.143,0.143,6151,1790652905
impact-sounds/Audio/impactMetal_medium_002.ogg,0.0,0.119,0.119,5857,1790652905
impact-sounds/Audio/impactMetal_medium_003.ogg,0.0,0.254,0.254,6964,1790652905
impact-sounds/Audio/impactMetal_medium_004.ogg,0.0,0.109,0.109,5744,1790652905
impact-sounds/Audio/impactMining_000.ogg,0.0,0.937,0.937,12035,1790652905
impact-sounds/Audio/impactMining_001.ogg,0.0,0.869,0.869,11481,1790652905
impact-sounds/Audio/impactMining_002.ogg,0.0,0.805,0.805,11235,1790652905
impact-sounds/Audio/impactMining_003.ogg,0.0,0.992,0.992,12160,1790652905
impact-sounds/Audio/impactMining_004.ogg,0.0,0.83,0.83,11668,1790652905
impact-sounds/Audio/impactPlank_medium_000.ogg,0.0,0.779,0.779,12016,1790652905
impact-sounds/Audio/impactPlank_medium_001.ogg,0.0,0.779,0.779,12082,1790652905
impact-sounds/Audio/impactPlank_medium_002.ogg,0.0,0.779,0.779,12313,1790652905
impact-sounds/Audio/impactPlank_medium_003.ogg,0.0,0.779,0.779,12138,1790652905
impact-sounds/Audio/impactPlank_medium_004.ogg,0.0,0.779,0.779,12084,1790652905
impact-sounds/Audio/impactPlate_heavy_000.ogg,0.0,0.489,0.489,10032,1790652905
impact-sounds/Audio/impactPlate_heavy_001.ogg,0.0,0.352,0.352,8713,1790652905
impact-sounds/Audio/impactPlate_heavy_002.ogg,0.0,0.494,0.494,10188,1790652905
impact-sounds/Audio/impactPlate_heavy_003.ogg,0.0,0.347,0.347,8490,1790652905
impact-sounds/Audio/impactPlate_heavy_004.ogg,0.0,0.559,0.559,11092,1790652905
impact-sounds/Audio/impactPlate_light_000.ogg,0.0,0.542,0.542,10474,1790652905
impact-sounds/Audio/impactPlate_light_001.ogg,0.0,0.655,0.655,11730,1790652905
impact-sounds/Audio/impactPlate_light_002.ogg,0.0,0.489,0.489,9932,1790652905
impact-sounds/Audio/impactPlate_light_003.ogg,0.0,0.528,0.528,10626,1790652905
impact-sounds/Audio/impactPlate_light_004.ogg,0.0,0.657,0.657,11928,1790652905
impact-sounds/Audio/impactPlate_medium_000.ogg,0.0,0.609,0.609,10921,1790652905
impact-sounds/Audio/impactPlate_medium_001.ogg,0.0,0.616,0.616,11491,1790652905
impact-sounds/Audio/impactPlate_medium_002.ogg,0.0,0.515,0.515,10250,1790652905
impact-sounds/Audio/impactPlate_medium_003.ogg,0.0,0.654,0.654,11616,1790652905
impact-sounds/Audio/impactPlate_medium_004.ogg,0.0,0.534,0.534,10803,1790652905
impact-sounds/Audio/impactPunch_heavy_000.ogg,0.0,0.649,0.649,11617,1790652905
impact-sounds/Audio/impactPunch_heavy_001.ogg,0.0,0.536,0.536,10861,1790652905
impact-sounds/Audio/impactPunch_heavy_002.ogg,0.0,0.457,0.457,9025,1790652905
impact-sounds/Audio/impactPunch_heavy_003.ogg,0.0,0.474,0.474,10029,1790652905
impact-sounds/Audio/impactPunch_heavy_004.ogg,0.0,0.536,0.536,10452,1790652905
impact-sounds/Audio/impactPunch_medium_000.ogg,0.0,0.431,0.431,8800,1790652905
impact-sounds/Audio/impactPunch_medium_001.ogg,0.0,0.405,0.405,8701,1790652905
impact-sounds/Audio/impactPunch_medium_002.ogg,0.0,0.541,0.541,10399,1790652905
impact-sounds/Audio/impactPunch_medium_003.ogg,0.0,0.455,0.455,9509,1790652905
impact-sounds/Audio/impactPunch_medium_004.ogg,0.0,0.543,0.543,10032,1790652905
impact-sounds/Audio/impactSoft_heavy_000.ogg,0.0,0.505,0.505,6570,1790652905
impact-sounds/Audio/impactSoft_heavy_001.ogg,0.0,0.572,0.572,6689,1790652905
impact-sounds/Audio/impactSoft_heavy_002.ogg,0.0,0.572,0.572,6749,1790652905
impact-sounds/Audio/impactSoft_heavy_003.ogg,0.0,0.544,0.544,6665,1790652905
impact-sounds/Audio/impactSoft_heavy_004.ogg,0.0,0.501,0.501,6478,1790652905
impact-sounds/Audio/impactSoft_medium_000.ogg,0.0,0.118,0.118,5351,1790652905
impact-sounds/Audio/impactSoft_medium_001.ogg,0.0,0.183,0.183,5506,1790652905
impact-sounds/Audio/impactSoft_medium_002.ogg,0.0,0.135,0.135,5358,1790652905
impact-sounds/Audio/impactSoft_medium_003.ogg,0.0,0.14,0.14,5392,1790652905
impact-sounds/Audio/impactSoft_medium_004.ogg,0.0,0.147,0.147,5438,1790652905
impact-sounds/Audio/impactTin_medium_000.ogg,0.0,0.159,0.159,6509,1790652905
impact-sounds/Audio/impactTin_medium_001.ogg,0.0,0.174,0.174,6603,1790652905
impact-sounds/Audio/impactTin_medium_002.ogg,0.0,0.134,0.134,6156,1790652905
impact-sounds/Audio/impactTin_medium_003.ogg,0.0,0.215,0.215,6541,1790652905
impact-sounds/Audio/impactTin_medium_004.ogg,0.0,0.179,0.179,6362,1790652905
impact-sounds/Audio/impactWood_heavy_000.ogg,0.0,0.313,0.313,6233,1790652905
impact-sounds/Audio/impactWood_heavy_001.ogg,0.0,0.313,0.313,6239,1790652905
impact-sounds/Audio/impactWood_heavy_002.ogg,0.0,0.313,0.313,6146,1790652905
impact-sounds/Audio/impactWood_heavy_003.ogg,0.0,0.313,0.313,6181,1790652905
impact-sounds/Audio/impactWood_heavy_004.ogg,0.0,0.313,0.313,6253,1790652905
impact-sounds/Audio/impactWood_light_000.ogg,0.0,0.266,0.266,6343,1790652905
impact-sounds/Audio/impactWood_light_001.ogg,0.0,0.266,0.266,6373,1790652905
impact-sounds/Audio/impactWood_light_002.ogg,0.0,0.266,0.266,6366,1790652905
impact-sounds/Audio/impactWood_light_003.ogg,0.0,0.266,0.266,6381,1790652905
impact-sounds/Audio/impactWood_light_004.ogg,0.0,0.266,0.266,6395,1790652905
impact-sounds/Audio/impactWood_medium_000.ogg,0.0,0.333,0.333,6575,1790652905
impact-sounds/Audio/impactWood_medium_001.ogg,0.0,0.333,0.333,6555,1790652905
impact-sounds/Audio/impactWood_medium_002.ogg,0.0,0.333,0.333,6607,1790652905
impact-sounds/Audio/impactWood_medium_003.ogg,0.0,0.333,0.333,6598,1790652905
impact-sounds/Audio/impactWood_medium_004.ogg,0.0,0.333,0.333,6481,1790652905
interface-sounds/Audio/back_001.ogg,0.0,0.064,0.064,6997,1790652905
interface-sounds/Audio/back_002.ogg,0.0,0.07,0.07,7029,1790652905
interface-sounds/Audio/back_003.ogg,0.0,0.093,0.093,7208,1790652905
interface-sounds/Audio/back_004.ogg,0.0,0.073,0.073,6923,1790652905
interface-sounds/Audio/bong_001.ogg,0.0,0.123,0.123,4848,1790652905
interface-sounds/Audio/click_001.ogg,0.0,0.1,0.1,4876,1790652905
interface-sounds/Audio/click_002.ogg,0.0,0.01,0.01,4275,1790652905
interface-sounds/Audio/click_003.ogg,0.0,0.01,0.01,4371,1790652905
interface-sounds/Audio/click_004.ogg,0.0,0.01,0.01,4486,1790652905
interface-sounds/Audio/click_005.ogg,0.0,0.01,0.01,4410,1790652905
interface-sounds/Audio/close_001.ogg,0.0,0.148,0.148,9915,1790652905
interface-sounds/Audio/close_002.ogg,0.0,0.314,0.314,14752,1790652905
interface-sounds/Audio/close_003.ogg,0.0,0.314,0.314,15648,1790652905
interface-sounds/Audio/close_004.ogg,0.0,0.323,0.323,16263,1790652905
interface-sounds/Audio/confirmation_001.ogg,0.0,0.29,0.29,8968,1790652905
interface-sounds/Audio/confirmation_002.ogg,0.0,0.539,0.539,14169,1790652905
interface-sounds/Audio/confirmation_003.ogg,0.0,0.322,0.322,9535,1790652905
interface-sounds/Audio/confirmation_004.ogg,0.0,0.49,0.49,12391,1790652905
interface-sounds/Audio/drop_001.ogg,0.0,0.11,0.11,5859,1790652905
interface-sounds/Audio/drop_002.ogg,0.0,0.191,0.191,6411,1790652905
interface-sounds/Audio/drop_003.ogg,0.0,0.191,0.191,6288,1790652905
interface-sounds/Audio/drop_004.ogg,0.0,0.287,0.287,7230,1790652905
interface-sounds/Audio/error_001.ogg,0.0,0.165,0.165,7373,1790652905
interface-sounds/Audio/error_002.ogg,0.0,0.165,0.165,7369,1790652905
interface-sounds/Audio/error_003.ogg,0.0,0.533,0.533,12256,1790652905
interface-sounds/Audio/error_004.ogg,0.0,0.103,0.103,6393,1790652905
interface-sounds/Audio/error_005.ogg,0.0,0.5,0.5,7266,1790652905
interface-sounds/Audio/error_006.ogg,0.0,0.5,0.5,8288,1790652905
interface-sounds/Audio/error_007.ogg,0.0,0.192,0.192,10225,1790652905
interface-sounds/Audio/error_008.ogg,0.0,0.139,0.139,9215,1790652905
interface-sounds/Audio/glass_001.ogg,0.0,0.278,0.278,6103,1790652905
interface-sounds/Audio/glass_002.ogg,0.0,0.125,0.125,4917,1790652905
interface-sounds/Audio/glass_003.ogg,0.0,0.124,0.124,5732,1790652905
interface-sounds/Audio/glass_004.ogg,0.0,0.692,0.692,8323,1790652905
interface-sounds/Audio/glass_005.ogg,0.0,0.111,0.111,6206,1790652905
interface-sounds/Audio/glass_006.ogg,0.0,0.111,0.111,6956,1790652905
interface-sounds/Audio/glitch_001.ogg,0.0,0.02,0.02,5121,1790652905
interface-sounds/Audio/glitch_002.ogg,0.0,0.03,0.03,5473,1790652905
interface-sounds/Audio/glitch_003.ogg,0.0,0.01,0.01,4915,1790652905
interface-sounds/Audio/glitch_004.ogg,0.0,0.023,0.023,5225,1790652905
interface-sounds/Audio/maximize_001.ogg,0.0,0.258,0.258,12111,1790652905
interface-sounds/Audio/maximize_002.ogg,0.0,0.258,0.258,9915,1790652905
interface-sounds/Audio/maximize_003.ogg,0.0,0.212,0.212,11748,1790652905
interface-sounds/Audio/maximize_004.ogg,0.0,0.418,0.418,17723,1790652905
interface-sounds/Audio/maximize_005.ogg,0.0,0.526,0.526,20900,1790652905
interface-sounds/Audio/maximize_006.ogg,0.0,0.38,0.38,11618,1790652905
interface-sounds/Audio/maximize_007.ogg,0.0,0.186,0.186,8097,1790652905
interface-sounds/Audio/maximize_008.ogg,0.0,0.225,0.225,9085,1790652905
interface-sounds/Audio/maximize_009.ogg,0.0,0.225,0.225,7650,1790652905
interface-sounds/Audio/minimize_001.ogg,0.0,0.258,0.258,11924,1790652905
interface-sounds/Audio/minimize_002.ogg,0.0,0.258,0.258,9441,1790652905
interface-sounds/Audio/minimize_003.ogg,0.0,0.212,0.212,11739,1790652905
interface-sounds/Audio/minimize_004.ogg,0.0,0.418,0.418,17099,1790652905
interface-sounds/Audio/minimize_005.ogg,0.0,0.526,0.526,19501,1790652905
interface-sounds/Audio/minimize_006.ogg,0.0,0.38,0.38,11292,1790652905
interface-sounds/Audio/minimize_007.ogg,0.0,0.186,0.186,7677,1790652905
interface-sounds/Audio/minimize_008.ogg,0.0,0.225,0.225,9298,1790652905
interface-sounds/Audio/minimize_009.ogg,0.0,0.225,0.225,7665,1790652905
interface-sounds/Audio/open_001.ogg,0.0,0.148,0.148,9834,1790652905
interface-sounds/Audio/open_002.ogg,0.0,0.314,0.314,14975,1790652905
interface-sounds/Audio/open_003.ogg,0.0,0.314,0.314,15046,1790652905
interface-sounds/Audio/open_004.ogg,0.0,0.323,0.323,15879,1790652905
interface-sounds/Audio/pluck_001.ogg,0.0,0.102,0.102,6317,1790652905
interface-sounds/Audio/pluck_002.ogg,0.0,0.165,0.165,6941,1790652905
interface-sounds/Audio/question_001.ogg,0.0,0.491,0.491,11700,1790652905
interface-sounds/Audio/question_002.ogg,0.0,0.333,0.333,9455,1790652905
interface-sounds/Audio/question_003.ogg,0.0,0.332,0.332,8233,1790652905
interface-sounds/Audio/question_004.ogg,0.0,0.332,0.332,9821,1790652905
interface-sounds/Audio/scratch_001.ogg,0.0,0.139,0.139,8989,1790652905
interface-sounds/Audio/scratch_002.ogg,0.0,0.139,0.139,9319,1790652905
interface-sounds/Audio/scratch_003.ogg,0.0,0.123,0.123,8849,1790652905
interface-sounds/Audio/scratch_004.ogg,0.0,0.325,0.325,16478,1790652905
interface-sounds/Audio/scratch_005.ogg,0.0,0.325,0.325,15824,1790652905
interface-sounds/Audio/scroll_001.ogg,0.0,1.0,1.0,21633,1790652905
interface-sounds/Audio/scroll_002.ogg,0.0,1.0,1.0,24628,1790652905
interface-sounds/Audio/scroll_003.ogg,0.0,1.0,1.0,29488,1790652905
interface-sounds/Audio/scroll_004.ogg,0.0,1.0,1.0,20348,1790652905
interface-sounds/Audio/scroll_005.ogg,0.0,1.0,1.0,20448,1790652905
interface-sounds/Audio/select_001.ogg,0.0,0.043,0.043,5468,1790652905
interface-sounds/Audio/select_002.ogg,0.0,0.043,0.043,5463,1790652905
interface-sounds/Audio/select_003.ogg,0.0,0.383,0.383,6901,1790652905
interface-sounds/Audio/select_004.ogg,0.0,0.383,0.383,6909,1790652905
interface-sounds/Audio/select_005.ogg,0.0,0.383,0.383,6767,1790652905
interface-sounds/Audio/select_006.ogg,0.0,1.944,1.944,8101,1790652905
interface-sounds/Audio/select_007.ogg,0.0,0.047,0.047,6580,1790652905
interface-sounds/Audio/select_008.ogg,0.0,0.047,0.047,6339,1790652905
interface-sounds/Audio/switch_001.ogg,0.0,0.618,0.618,6753,1790652905
interface-sounds/Audio/switch_002.ogg,0.0,0.611,0.611,7097,1790652905
interface-sounds/Audio/switch_003.ogg,0.0,0.5,0.5,9653,1790652905
interface-sounds/Audio/switch_004.ogg,0.0,0.5,0.5,7248,1790652905
interface-sounds/Audio/switch_005.ogg,0.0,0.612,0.612,7814,1790652905
interface-sounds/Audio/switch_006.ogg,0.0,0.611,0.611,7873,1790652905
interface-sounds/Audio/switch_007.ogg,0.0,0.614,0.614,7921,1790652905
interface-sounds/Audio/tick_001.ogg,0.0,0.023,0.023,4497,1790652905
interface-sounds/Audio/tick_002.ogg,0.0,0.023,0.023,4514,1790652905
interface-sounds/Audio/tick_004.ogg,0.0,0.055,0.055,5031,1790652905
interface-sounds/Audio/toggle_001.ogg,0.0,0.139,0.139,7369,1790652905
interface-sounds/Audio/toggle_002.ogg,0.0,0.139,0.139,8056,1790652905
interface-sounds/Audio/toggle_003.ogg,0.0,0.139,0.139,8654,1790652905
interface-sounds/Audio/toggle_004.ogg,0.0,0.066,0.066,6695,1790652905
rpg-audio/Audio/beltHandle1.ogg,0.0,0.277,0.277,10820,1790652905
rpg-audio/Audio/beltHandle2.ogg,0.0,0.477,0.477,15410,1790652905
rpg-audio/Audio/bookClose.ogg,0.0,0.231,0.231,9292,1790652905
rpg-audio/Audio/bookFlip1.ogg,0.0,0.769,0.769,18248,1790652905
rpg-audio/Audio/bookFlip2.ogg,0.0,0.43,0.43,12393,1790652905
rpg-audio/Audio/bookFlip3.ogg,0.0,0.231,0.231,9077,1790652905
rpg-audio/Audio/bookOpen.ogg,0.0,0.154,0.154,8273,1790652905
rpg-audio/Audio/bookPlace1.ogg,0.0,0.277,0.277,9901,1790652905
rpg-audio/Audio/bookPlace2.ogg,0.0,0.354,0.354,11185,1790652905
rpg-audio/Audio/bookPlace3.ogg,0.0,0.261,0.261,9570,1790652905
rpg-audio/Audio/chop.ogg,0.0,0.24,0.24,9370,1790652905
rpg-audio/Audio/cloth1.ogg,0.0,0.661,0.661,16508,1790652905
rpg-audio/Audio/cloth2.ogg,0.0,0.415,0.415,11787,1790652905
rpg-audio/Audio/cloth3.ogg,0.0,0.477,0.477,12432,1790652905
rpg-audio/Audio/cloth4.ogg,0.0,0.384,0.384,11043,1790652905
rpg-audio/Audio/clothBelt.ogg,0.0,0.723,0.723,21491,1790652905
rpg-audio/Audio/clothBelt2.ogg,0.0,0.753,0.753,20013,1790652905
rpg-audio/Audio/creak1.ogg,0.0,0.661,0.661,15761,1790652905
rpg-audio/Audio/creak2.ogg,0.0,0.83,0.83,19012,1790652905
rpg-audio/Audio/creak3.ogg,0.0,0.338,0.338,10408,1790652905
rpg-audio/Audio/doorClose_1.ogg,0.0,0.675,0.675,18564,1790652905
rpg-audio/Audio/doorClose_2.ogg,0.0,0.612,0.612,17598,1790652905
rpg-audio/Audio/doorClose_3.ogg,0.0,0.714,0.714,20889,1790652905
rpg-audio/Audio/doorClose_4.ogg,0.0,0.603,0.603,16902,1790652905
rpg-audio/Audio/doorOpen_1.ogg,0.0,0.919,0.919,22848,1790652905
rpg-audio/Audio/doorOpen_2.ogg,0.0,1.413,1.413,30280,1790652905
rpg-audio/Audio/drawKnife1.ogg,0.0,0.4,0.4,11134,1790652905
rpg-audio/Audio/drawKnife2.ogg,0.0,0.446,0.446,12395,1790652905
rpg-audio/Audio/drawKnife3.ogg,0.0,0.477,0.477,12726,1790652905
rpg-audio/Audio/dropLeather.ogg,0.0,0.415,0.415,11695,1790652905
rpg-audio/Audio/footstep00.ogg,0.0,0.249,0.249,9475,1790652905
rpg-audio/Audio/footstep01.ogg,0.0,0.282,0.282,9900,1790652905
rpg-audio/Audio/footstep02.ogg,0.0,0.242,0.242,9528,1790652905
rpg-audio/Audio/footstep03.ogg,0.0,0.269,0.269,10559,1790652905
rpg-audio/Audio/footstep04.ogg,0.0,0.323,0.323,11303,1790652905
rpg-audio/Audio/footstep05.ogg,0.0,0.276,0.276,10288,1790652905
rpg-audio/Audio/footstep06.ogg,0.0,0.242,0.242,9885,1790652905
rpg-audio/Audio/footstep07.ogg,0.0,0.256,0.256,10264,1790652905
rpg-audio/Audio/footstep08.ogg,0.0,0.256,0.256,9242,1790652905
rpg-audio/Audio/footstep09.ogg,0.0,0.215,0.215,9356,1790652905
rpg-audio/Audio/handleCoins.ogg,0.0,0.846,0.846,25394,1790652905
rpg-audio/Audio/handleCoins2.ogg,0.0,0.338,0.338,13094,1790652905
rpg-audio/Audio/handleSmallLeather.ogg,0.0,0.338,0.338,10492,1790652905
rpg-audio/Audio/handleSmallLeather2.ogg,0.0,0.307,0.307,10028,1790652905
rpg-audio/Audio/knifeSlice.ogg,0.0,0.6,0.6,15532,1790652905
rpg-audio/Audio/knifeSlice2.ogg,0.0,0.569,0.569,15099,1790652905
rpg-audio/Audio/metalClick.ogg,0.0,0.446,0.446,13615,1790652905
rpg-audio/Audio/metalLatch.ogg,0.0,0.261,0.261,10208,1790652905
rpg-audio/Audio/metalPot1.ogg,0.0,1.46,1.46,31619,1790652905
rpg-audio/Audio/metalPot2.ogg,0.0,0.938,0.938,22471,1790652905
rpg-audio/Audio/metalPot3.ogg,0.0,0.907,0.907,23142,1790652905
rpg-audio/Preview.ogg,0.0,10.0,26.127,321120,1790652905
rpg-audio/Preview.ogg,5.0,10.0,26.127,321120,1790652905
rpg-audio/Preview.ogg,10.0,10.0,26.127,321120,1790652905
rpg-audio/Preview.ogg,15.0,10.0,26.127,321120,1790652905
rpg-audio/Preview.ogg,20.0,6.127,26.127,321120,1790652905
ui-audio/Audio/click1.ogg,0.0,0.094,0.094,4983,1790652905
ui-audio/Audio/click2.ogg,0.0,0.056,0.056,4656,1790652905
ui-audio/Audio/click3.ogg,0.0,0.086,0.086,4880,1790652905
ui-audio/Audio/click4.ogg,0.0,0.037,0.037,4558,1790652905
ui-audio/Audio/click5.ogg,0.0,0.032,0.032,4532,1790652905
ui-audio/Audio/mouseclick1.ogg,0.0,0.059,0.059,4686,1790652905
ui-audio/Audio/mouserelease1.ogg,0.0,0.069,0.069,4775,1790652905
ui-audio/Audio/rollover1.ogg,0.0,0.227,0.227,5932,1790652905
ui-audio/Audio/rollover2.ogg,0.0,0.057,0.057,4701,1790652905
ui-audio/Audio/rollover3.ogg,0.0,0.069,0.069,4778,1790652905
ui-audio/Audio/rollover4.ogg,0.0,0.113,0.113,5188,1790652905
ui-audio/Audio/rollover5.ogg,0.0,0.112,0.112,5258,1790652905
ui-audio/Audio/rollover6.ogg,0.0,0.174,0.174,5385,1790652905
ui-audio/Audio/switch1.ogg,0.0,0.315,0.315,6104,1790652905
ui-audio/Audio/switch10.ogg,0.0,0.367,0.367,6456,1790652905
ui-audio/Audio/switch11.ogg,0.0,0.297,0.297,6248,1790652905
ui-audio/Audio/switch12.ogg,0.0,0.054,0.054,4588,1790652905
ui-audio/Audio/switch13.ogg,0.0,0.028,0.028,4467,1790652905
ui-audio/Audio/switch14.ogg,0.0,0.033,0.033,4522,1790652905
ui-audio/Audio/switch15.ogg,0.0,0.256,0.256,6325,1790652905
ui-audio/Audio/switch16.ogg,0.0,0.359,0.359,6991,1790652905
ui-audio/Audio/switch17.ogg,0.0,0.333,0.333,6686,1790652905
ui-audio/Audio/switch18.ogg,0.0,0.435,0.435,7633,1790652905
ui-audio/Audio/switch19.ogg,0.0,0.384,0.384,7177,1790652905
ui-audio/Audio/switch2.ogg,0.0,0.297,0.297,6042,1790652905
ui-audio/Audio/switch20.ogg,0.0,0.359,0.359,6965,1790652905
ui-audio/Audio/switch21.ogg,0.0,0.41,0.41,7453,1790652905
ui-audio/Audio/switch22.ogg,0.0,0.359,0.359,7116,1790652905
ui-audio/Audio/switch23.ogg,0.0,0.384,0.384,7177,1790652905
ui-audio/Audio/switch24.ogg,0.0,0.282,0.282,6340,1790652905
ui-audio/Audio/switch25.ogg,0.0,0.384,0.384,7130,1790652905
ui-audio/Audio/switch26.ogg,0.0,0.23,0.23,6031,1790652905
ui-audio/Audio/switch27.ogg,0.0,0.282,0.282,6445,1790652905
ui-audio/Audio/switch28.ogg,0.0,0.205,0.205,5916,1790652905
ui-audio/Audio/switch29.ogg,0.0,0.307,0.307,6769,1790652905
ui-audio/Audio/switch3.ogg,0.0,0.367,0.367,6270,1790652905
ui-audio/Audio/switch30.ogg,0.0,0.359,0.359,7151,1790652905
ui-audio/Audio/switch31.ogg,0.0,0.435,0.435,8180,1790652905
ui-audio/Audio/switch32.ogg,0.0,0.435,0.435,7868,1790652905
ui-audio/Audio/switch33.ogg,0.0,0.512,0.512,8530,1790652905
ui-audio/Audio/switch34.ogg,0.0,0.461,0.461,7910,1790652905
ui-audio/Audio/switch35.ogg,0.0,0.333,0.333,6935,1790652905
ui-audio/Audio/switch36.ogg,0.0,0.307,0.307,6616,1790652905
ui-audio/Audio/switch37.ogg,0.0,0.307,0.307,6822,1790652905
ui-audio/Audio/switch38.ogg,0.0,0.424,0.424,7303,1790652905
ui-audio/Audio/switch4.ogg,0.0,0.42,0.42,6477,1790652905
ui-audio/Audio/switch5.ogg,0.0,0.315,0.315,6181,1790652905
ui-audio/Audio/switch6.ogg,0.0,0.35,0.35,6610,1790652905
ui-audio/Audio/switch7.ogg,0.0,0.192,0.192,5707,1790652905
ui-audio/Audio/switch8.ogg,0.0,0.332,0.332,6253,1790652905
ui-audio/Audio/switch9.ogg,0.0,0.262,0.262,6009,1790652905
ui-audio/Preview.ogg,0.0,10.0,14.136,171143,1790652905
ui-audio/Preview.ogg,5.0,9.136,14.136,171143,1790652905
