"file","voice","spoken","treatment"
"vo_bronze_base_murmur_01.wav","Microsoft David Desktop","Sitos, sitos... panta sitos.","spoken as written"
"vo_bronze_base_murmur_02.wav","Microsoft Zira Desktop","Hmm, hm hm hmm. Hm hm hm, hmm.","hum spoken as hmm"
"vo_bronze_base_murmur_03.wav","Microsoft David Desktop","Aaah... nyx makra.","spoken as written"
"vo_bronze_base_murmur_04.wav","Microsoft Zira Desktop","Wanax... pantote wanax.","spoken as written"
"vo_bronze_base_alert_01.wav","Microsoft David Desktop","Tis? Tis ekei?","spoken as written"
"vo_bronze_base_alert_02.wav","Microsoft Zira Desktop","Ti touto?","spoken as written"
"vo_bronze_base_alert_03.wav","Microsoft David Desktop","Akouō ti...","spoken as written"
"vo_bronze_base_chase_01.wav","Microsoft David Desktop","KLEPTAI! KLEPTAI!","spoken as written"
"vo_bronze_base_chase_02.wav","Microsoft Zira Desktop","DEURO! DEURO, PHYLAKES!","spoken as written"
"vo_bronze_base_chase_03.wav","Microsoft David Desktop","LABETE AUTOUS!","spoken as written"
"vo_bronze_base_search_01.wav","Microsoft David Desktop","Pou ei...?","spoken as written"
"vo_bronze_base_search_02.wav","Microsoft Zira Desktop","Exelthe, mikre klepta...","spoken as written"
"vo_bronze_base_lost_01.wav","Microsoft David Desktop","Ouden. ...Mys.","spoken as written"
"vo_bronze_base_lost_02.wav","Microsoft Zira Desktop","Oimoi. Wanax ou mathēsetai.","spoken as written"
"vo_bronze_base_attack_01.wav","Microsoft David Desktop","Ha!","spoken as written"
"vo_bronze_base_attack_02.wav","Microsoft Zira Desktop","Hyah!","spoken as written"
"vo_bronze_base_attack_03.wav","Microsoft David Desktop","Hup!","spoken as written"
"vo_bronze_base_hurt_01.wav","Microsoft David Desktop","Aiai!","spoken as written"
"vo_bronze_base_hurt_02.wav","Microsoft Zira Desktop","Ow— oimoi!","spoken as written"
"vo_bronze_base_hurt_03.wav","Microsoft David Desktop","Unngh!","grunt spoken"
"vo_bronze_base_death_01.wav","Microsoft David Desktop","Ōh... wanax...","spoken as written"
"vo_bronze_base_death_02.wav","Microsoft Zira Desktop","Aaa—","spoken as written"
"vo_bronze_base_asleep_01.wav","","","snore: made by make_snores.py"
"vo_bronze_base_asleep_02.wav","","","snore: made by make_snores.py"
"vo_bronze_base_grabbed_01.wav","Microsoft David Desktop","Ti?! Aphes me!","spoken as written"
"vo_bronze_base_grabbed_02.wav","Microsoft Zira Desktop","Ou! Ou! OU!","spoken as written"
"vo_bronze_base_grabbed_03.wav","Microsoft David Desktop","Mmmph! Mm, mm mmph!","muffled protest spoken as mmph"
"vo_bronze_base_thrown_01.wav","Microsoft David Desktop","Aaaaaaaaah!","scream spoken as a long Aaah"
"vo_bronze_base_thrown_02.wav","Microsoft Zira Desktop","Ō theoi—!","spoken as written"
"vo_high_base_murmur_01.wav","Microsoft David Desktop","Colde. Evere colde, this wal.","spoken as written"
"vo_high_base_murmur_02.wav","Microsoft Zira Desktop","Hmm, hm hm hmm. Hm hm hm, hmm.","hum spoken as hmm"
"vo_high_base_murmur_03.wav","Microsoft David Desktop","...Longe nyght.","spoken as written"
"vo_high_base_murmur_04.wav","Microsoft Zira Desktop","Mi lord slepeth, and I walke. As evere.","spoken as written"
"vo_high_base_alert_01.wav","Microsoft David Desktop","Who goth ther?","spoken as written"
"vo_high_base_alert_02.wav","Microsoft Zira Desktop","Qui va là?","spoken as written"
"vo_high_base_alert_03.wav","Microsoft David Desktop","Herke... what was that?","spoken as written"
"vo_high_base_chase_01.wav","Microsoft David Desktop","HARO! HARO! THEVES!","spoken as written"
"vo_high_base_chase_02.wav","Microsoft Zira Desktop","OUT! HARROW! TO ME, TO ME!","spoken as written"
"vo_high_base_chase_03.wav","Microsoft David Desktop","AUX LARRONS!","spoken as written"
"vo_high_base_search_01.wav","Microsoft David Desktop","Com forth, thef...","spoken as written"
"vo_high_base_search_02.wav","Microsoft Zira Desktop","I se thee nat... yet.","spoken as written"
"vo_high_base_lost_01.wav","Microsoft David Desktop","Nought. A rat, par ma foi.","spoken as written"
"vo_high_base_lost_02.wav","Microsoft Zira Desktop","Wel. Nobody seith a word to mi lord.","spoken as written"
"vo_high_base_attack_01.wav","Microsoft David Desktop","Hah!","spoken as written"
"vo_high_base_attack_02.wav","Microsoft Zira Desktop","Have at thee!","spoken as written"
"vo_high_base_attack_03.wav","Microsoft David Desktop","Hyah!","spoken as written"
"vo_high_base_hurt_01.wav","Microsoft David Desktop","Ow! By Seint Thomas!","spoken as written"
"vo_high_base_hurt_02.wav","Microsoft Zira Desktop","Aah!","spoken as written"
"vo_high_base_hurt_03.wav","Microsoft David Desktop","Unngh!","grunt spoken"
"vo_high_base_death_01.wav","Microsoft David Desktop","Mercy... Jhesu...","spoken as written"
"vo_high_base_death_02.wav","Microsoft Zira Desktop","Oof—","spoken as written"
"vo_high_base_asleep_01.wav","","","snore: made by make_snores.py"
"vo_high_base_asleep_02.wav","","","snore: made by make_snores.py"
"vo_high_base_grabbed_01.wav","Microsoft David Desktop","Unhand me, knave!","spoken as written"
"vo_high_base_grabbed_02.wav","Microsoft Zira Desktop","What sorcerie is this?!","spoken as written"
"vo_high_base_grabbed_03.wav","Microsoft David Desktop","Mmmph! Mm, mm mmph!","muffled protest spoken as mmph"
"vo_high_base_thrown_01.wav","Microsoft David Desktop","Aaaaaaaaah!","scream spoken as a long Aaah"
"vo_high_base_thrown_02.wav","Microsoft Zira Desktop","Mon Dieu—!","spoken as written"
"vo_late_base_murmur_01.wav","Microsoft David Desktop","...two and twenti, thre and twenti, turne.","spoken as written"
"vo_late_base_murmur_02.wav","Microsoft Zira Desktop","Hmm. The bellman's late agayn.","spoken as written"
"vo_late_base_murmur_03.wav","Microsoft David Desktop","Hmm, hm hm hmm. Hm hm hm, hmm.","hum spoken as hmm"
"vo_late_base_murmur_04.wav","Microsoft Zira Desktop","Seconde wacche. Alwey the seconde wacche.","spoken as written"
"vo_late_base_alert_01.wav","Microsoft David Desktop","Halte! Who's there?","spoken as written"
"vo_late_base_alert_02.wav","Microsoft Zira Desktop","Qui est là?","spoken as written"
"vo_late_base_alert_03.wav","Microsoft David Desktop","Somthyng stirreth...","spoken as written"
"vo_late_base_chase_01.wav","Microsoft David Desktop","À L'ARME! À L'ARME!","spoken as written"
"vo_late_base_chase_02.wav","Microsoft Zira Desktop","SAINCT GEORGE! THEVES!","spoken as written"
"vo_late_base_chase_03.wav","Microsoft David Desktop","Two by two, lads — TAKE THEM!","spoken as written"
"vo_late_base_search_01.wav","Microsoft David Desktop","Come out, come out...","spoken as written"
"vo_late_base_search_02.wav","Microsoft Zira Desktop","We hold the gates, thef. Every one.","spoken as written"
"vo_late_base_lost_01.wav","Microsoft David Desktop","Nothing. Write it in the book.","spoken as written"
"vo_late_base_lost_02.wav","Microsoft Zira Desktop","...Tell no-one.","spoken as written"
"vo_late_base_attack_01.wav","Microsoft David Desktop","Hah!","spoken as written"
"vo_late_base_attack_02.wav","Microsoft Zira Desktop","Montjoie!","spoken as written"
"vo_late_base_attack_03.wav","Microsoft David Desktop","Hyah!","spoken as written"
"vo_late_base_hurt_01.wav","Microsoft David Desktop","Aah! Saint Denis!","spoken as written"
"vo_late_base_hurt_02.wav","Microsoft Zira Desktop","Ow!","spoken as written"
"vo_late_base_hurt_03.wav","Microsoft David Desktop","Unngh!","grunt spoken"
"vo_late_base_death_01.wav","Microsoft David Desktop","I... am... slayn...","spoken as written"
"vo_late_base_death_02.wav","Microsoft Zira Desktop","Oof—","spoken as written"
"vo_late_base_asleep_01.wav","","","snore: made by make_snores.py"
"vo_late_base_asleep_02.wav","","","snore: made by make_snores.py"
"vo_late_base_grabbed_01.wav","Microsoft David Desktop","Put me DOWN!","spoken as written"
"vo_late_base_grabbed_02.wav","Microsoft Zira Desktop","Wicchecraft! WICCHECRAFT!","spoken as written"
"vo_late_base_grabbed_03.wav","Microsoft David Desktop","Mmmph! Mm, mm mmph!","muffled protest spoken as mmph"
"vo_late_base_thrown_01.wav","Microsoft David Desktop","Aaaaaaaaah!","scream spoken as a long Aaah"
"vo_late_base_thrown_02.wav","Microsoft Zira Desktop","Not agayn—!","spoken as written"
"vo_powder_base_murmur_01.wav","Microsoft David Desktop","Twelve o' the clock, and all's well... God willing.","spoken as written"
"vo_powder_base_murmur_02.wav","Microsoft Zira Desktop","Zounds, these boots.","spoken as written"
"vo_powder_base_murmur_03.wav","Microsoft David Desktop","Hmm, hm hm hmm. Hm hm hm, hmm.","hum spoken as hmm"
"vo_powder_base_murmur_04.wav","Microsoft Zira Desktop","A pox on the night watch.","spoken as written"
"vo_powder_base_alert_01.wav","Microsoft David Desktop","Who goes there?","spoken as written"
"vo_powder_base_alert_02.wav","Microsoft Zira Desktop","Stand! Show thyself!","spoken as written"
"vo_powder_base_alert_03.wav","Microsoft David Desktop","Hark — what was that?","spoken as written"
"vo_powder_base_chase_01.wav","Microsoft David Desktop","THIEVES! THIEVES IN THE GALLERY!","spoken as written"
"vo_powder_base_chase_02.wav","Microsoft Zira Desktop","TO ARMS! BEAT THE DRUM!","spoken as written"
"vo_powder_base_chase_03.wav","Microsoft David Desktop","IN THE KING'S NAME, STAND!","spoken as written"
"vo_powder_base_search_01.wav","Microsoft David Desktop","I know thou'rt here...","spoken as written"
"vo_powder_base_search_02.wav","Microsoft Zira Desktop","Mind the glass, lads. Mind the glass.","spoken as written"
"vo_powder_base_lost_01.wav","Microsoft David Desktop","'Twas naught. A cat.","spoken as written"
"vo_powder_base_lost_02.wav","Microsoft Zira Desktop","Methinks I'll say nothing of it.","spoken as written"
"vo_powder_base_attack_01.wav","Microsoft David Desktop","Have at you!","spoken as written"
"vo_powder_base_attack_02.wav","Microsoft Zira Desktop","Hah!","spoken as written"
"vo_powder_base_attack_03.wav","Microsoft David Desktop","Hyah!","spoken as written"
"vo_powder_base_hurt_01.wav","Microsoft David Desktop","God's wounds!","spoken as written"
"vo_powder_base_hurt_02.wav","Microsoft Zira Desktop","Ah!","spoken as written"
"vo_powder_base_hurt_03.wav","Microsoft David Desktop","Unngh!","grunt spoken"
"vo_powder_base_death_01.wav","Microsoft David Desktop","I am... undone...","spoken as written"
"vo_powder_base_death_02.wav","Microsoft Zira Desktop","Oof—","spoken as written"
"vo_powder_base_asleep_01.wav","","","snore: made by make_snores.py"
"vo_powder_base_asleep_02.wav","","","snore: made by make_snores.py"
"vo_powder_base_grabbed_01.wav","Microsoft David Desktop","Unhand me, sir!","spoken as written"
"vo_powder_base_grabbed_02.wav","Microsoft Zira Desktop","Witchcraft! WITCHCRAFT!","spoken as written"
"vo_powder_base_grabbed_03.wav","Microsoft David Desktop","Mmmph! Mm, mm mmph!","muffled protest spoken as mmph"
"vo_powder_base_thrown_01.wav","Microsoft David Desktop","Aaaaaaaaah!","scream spoken as a long Aaah"
"vo_powder_base_thrown_02.wav","Microsoft Zira Desktop","Not the mirror—!","spoken as written"
