sound,category,loop,query,from_ai_prompt,best_score,best_file,window,covered
sfx_spell_velox_misfire,spells,0,"the sound of a fast whoosh ending in a body thudding into a wall, comic",True,0.742,opengameart/rpg-sound-pack/RPG Sound Pack/battle/swing3.wav,0-0.138,True
sfx_spell_velox_dash,spells,0,the sound of a fast whoosh past the ear,True,0.689,opengameart/rpg-sound-pack/RPG Sound Pack/battle/swing3.wav,0-0.138,True
sfx_spell_saltus_misfire,spells,0,"the sound of a feeble sad little boing spring sound and a stumble, comic",True,0.648,kenney/digital-audio/Audio/laser9.ogg,0-1.009,True
sting_spell_misfire,music,0,"the sound of a single comic crumhorn blat, a medieval buzzy reed instrument sagging downward in pitch",True,0.645,kenney/digital-audio/Audio/phaserUp5.ogg,0-0.313,True
sfx_spell_ignis_misfire,spells,0,"the sound of a beard suddenly catching fire right next to the ear, whoomph and sizzle, comic",True,0.627,opengameart/rpg-sound-pack/RPG Sound Pack/inventory/cloth-heavy.wav,0-0.408,True
sfx_fire_tapestry_catch,world,0,"the sound of a hanging tapestry catching fire, fast rising crackling roar",True,0.626,kenney/sci-fi-sounds/Audio/thrusterFire_002.ogg,0-5,True
sting_raid_lost,music,0,the sound of a short comic failure sting: a renaissance sackbut sliding sadly downwards,True,0.614,kenney/digital-audio/Audio/phaserUp3.ogg,0-0.522,True
sfx_wpn_blade_swing,weapons,0,the sound of blade swing,False,0.602,opengameart/rpg-sound-pack/RPG Sound Pack/battle/swing3.wav,0-0.138,True
sfx_wpn_rapier_swing,weapons,0,the sound of a thin whip,False,0.602,kenney/ui-audio/Audio/switch3.ogg,0-0.367,True
sfx_drawbridge_slam,world,0,the sound of (if #44 builds it) the bridge slams,False,0.596,opengameart/80-cc0-rpg-sfx/creature_misc_05.ogg,0-0.601,True
sfx_spell_somnus_misfire,spells,0,"the sound of a sleepy sigh then a body flopping onto the floor, comic",True,0.592,opengameart/rpg-sound-pack/RPG Sound Pack/inventory/cloth-heavy.wav,0-0.408,True
sfx_spell_aurumvoco_misfire,spells,0,"the sound of a burst of gold coins exploding outwards with a shrill metallic screaming, comic",True,0.585,opengameart/rpg-sound-pack/RPG Sound Pack/misc/random1.wav,0-0.987,True
sfx_spell_ignis_cast,spells,0,"the sound of a short hard spit of fire, an ember flicked from a fingertip, magical",True,0.584,kenney/casino-audio/Audio/card-slide-4.ogg,0-0.459,True
sfx_throw_whoosh_light,physics,0,the sound of a short whoosh,False,0.582,opengameart/rpg-sound-pack/RPG Sound Pack/battle/swing3.wav,0-0.138,True
sfx_wpn_ball_ricochet,weapons,0,the sound of a ricochet,False,0.576,kenney/digital-audio/Audio/laser8.ogg,0-0.987,True
amb_fire_brazier_loop,ambience,1,the sound of brazier fire,False,0.571,kenney/sci-fi-sounds/Audio/thrusterFire_002.ogg,0-5,True
amb_fire_blaze_loop,ambience,1,the sound of blaze fire,False,0.57,kenney/sci-fi-sounds/Audio/thrusterFire_002.ogg,0-5,True
sfx_throw_whoosh_heavy,physics,0,the sound of a slow deep whoosh,False,0.564,opengameart/80-cc0-rpg-sfx/creature_monster_03.ogg,0-0.991,True
ui_keybind_set,ui,0,the sound of a wax seal pressed,False,0.562,kenney/interface-sounds/Audio/switch_006.ogg,0-0.611,True
sfx_spell_frango_misfire,spells,0,the sound of a crack of magic in your hands and a precious object shattering,True,0.556,opengameart/rpg-sound-pack/RPG Sound Pack/misc/random1.wav,0-0.987,True
sfx_hazard_fire_spread_fast,world,0,"the sound of Bronze: fire runs, hungrier crackle",False,0.555,kenney/sci-fi-sounds/Audio/thrusterFire_002.ogg,0-5,True
amb_lair_hearth_loop,ambience,1,"the sound of a warm crackle, the only safe fire",False,0.555,kenney/sci-fi-sounds/Audio/thrusterFire_002.ogg,0-5,True
sfx_wpn_rapier_snap,weapons,0,the sound of it snaps clean,False,0.551,kenney/ui-audio/Audio/switch3.ogg,0-0.367,True
sfx_wpn_blade_clash,weapons,0,the sound of blades meeting,False,0.55,opengameart/rpg-sound-pack/RPG Sound Pack/battle/sword-unsheathe5.wav,0-0.424,True
sfx_wpn_bronze_clash,weapons,0,the sound of blades meeting,False,0.55,opengameart/rpg-sound-pack/RPG Sound Pack/battle/sword-unsheathe5.wav,0-0.424,True
foley_step_hound,foley,0,the sound of claws on stone,False,0.549,opengameart/80-cc0-rpg-sfx/spell_fire_07.ogg,0-0.651,True
sfx_spell_fizzle,spells,0,"the sound of a damp match failing to light, weak fizzle and a small puff of dust, comic",True,0.547,kenney/casino-audio/Audio/card-shove-3.ogg,0-0.693,True
sfx_spell_frango_shatter_metal,spells,0,"the sound of an iron lock snapping apart, metallic crack with a ringing tail",True,0.547,kenney/interface-sounds/Audio/glass_004.ogg,0-0.692,True
sfx_hazard_murderhole_drop,world,0,the sound of Late: stones from above,False,0.545,opengameart/80-cc0-rpg-sfx/stones_01.ogg,0-0.681,True
sfx_spell_frango_cast,spells,0,the sound of a plosive magical crack like a fist punching through stone,True,0.541,opengameart/80-cc0-rpg-sfx/creature_misc_05.ogg,0-0.601,True
sfx_fire_ignite,world,0,the sound of a whumph,False,0.541,kenney/digital-audio/Audio/phaserUp5.ogg,0-0.313,True
sfx_portal_collapse,spells,0,"the sound of a magical portal collapsing inward, implosion with a deep thud",True,0.538,kenney/sci-fi-sounds/Audio/lowFrequency_explosion_000.ogg,0-2,True
sfx_spell_frango_shatter_stone,spells,0,the sound of masonry wall splitting apart and collapsing into rubble,True,0.533,opengameart/rpg-sound-pack/RPG Sound Pack/misc/random1.wav,0-0.987,True
sfx_portal_enter,spells,0,"the sound of stepping through a portal in time, whoosh and muffled distant world",True,0.533,opengameart/80-cc0-rpg-sfx/creature_monster_03.ogg,0-0.991,True
sfx_spell_saltus_land_slam,spells,0,"the sound of a heavy body slamming onto flagstones, boom and dust",True,0.527,kenney/rpg-audio/Audio/cloth1.ogg,0-0.661,True
sfx_spell_velox_cast,spells,0,the sound of a sharp snap of air,True,0.526,opengameart/80-cc0-rpg-sfx/spell_01.ogg,0-0.633,True
amb_fire_hearth_loop,ambience,1,the sound of hearth fire,False,0.52,kenney/sci-fi-sounds/Audio/thrusterFire_002.ogg,0-5,True
sfx_wpn_explosion_small,weapons,0,the sound of a small black powder grenade exploding in a stone room,True,0.519,kenney/sci-fi-sounds/Audio/explosionCrunch_000.ogg,0-0.777,True
sfx_castle_lockdown_portcullis_drop,world,0,"the sound of a chain let go, iron teeth hitting stone",False,0.518,kenney/rpg-audio/Audio/doorClose_2.ogg,0-0.612,True
sfx_extract_player_cross,spells,0,"the sound of the portal whoosh, softened",False,0.516,kenney/sci-fi-sounds/Audio/lowFrequency_explosion_000.ogg,0-2,True
sfx_enemy_keeper_firepot_throw,creatures,0,the sound of a pot of fire thrown,False,0.495,kenney/sci-fi-sounds/Audio/explosionCrunch_000.ogg,0-0.777,True
sfx_spell_saltus_launch,spells,0,the sound of a rising whoosh,False,0.494,opengameart/rpg-sound-pack/RPG Sound Pack/battle/swing3.wav,0-0.138,True
sfx_masonry_crumble,world,0,the sound of a stone collapse,False,0.489,kenney/sci-fi-sounds/Audio/explosionCrunch_002.ogg,0-1.256,True
sfx_enemy_dendra_boar_tusk_rattle,creatures,0,the sound of a helmet of boar tusks clacking,False,0.487,kenney/interface-sounds/Audio/switch_001.ogg,0-0.618,True
ui_invite_received,ui,0,"the sound of a knock on a wooden door, twice",False,0.485,kenney/digital-audio/Audio/phaseJump3.ogg,0-0.444,True
sfx_spell_ignis_impact,spells,0,"the sound of a fireball hitting stone, flame pop and crackle burst",True,0.485,opengameart/rpg-sound-pack/RPG Sound Pack/misc/random1.wav,0-0.987,True
sting_gold_found,music,0,the sound of a short magical treasure discovery sting: warm golden bells and a rising harp glissando,True,0.483,kenney/digital-audio/Audio/threeTone2.ogg,0-0.866,True
amb_alarm_powder_roused,ambience,0,"the sound of a drum beat to quarters, then a drum roll and a signal gun",False,0.482,kenney/digital-audio/Audio/spaceTrash4.ogg,0-1.477,True
sting_player_down,music,0,the sound of a short sombre medieval sting: one muted frame drum hit and a single low church bell,True,0.478,kenney/digital-audio/Audio/zap1.ogg,0-1.019,True
sfx_wpn_match_fire,weapons,0,"the sound of a medieval hand cannon firing, black powder boom with a deep rolling tail",True,0.471,kenney/sci-fi-sounds/Audio/lowFrequency_explosion_001.ogg,0-1,True
sfx_spell_porta_open,spells,0,"the sound of the fabric of time tearing open into a portal, cold roar and glassy shimmer",True,0.468,opengameart/rpg-sound-pack/RPG Sound Pack/NPC/shade/shade9.wav,0-1.562,True
sfx_wpn_pistol_fire,weapons,0,"the sound of a 17th century flintlock pistol shot, sharp crack and smoke",True,0.463,opengameart/80-cc0-rpg-sfx/spell_01.ogg,0-0.633,True
sfx_spell_porta_misfire,spells,0,"the sound of a heavy door slamming far away down a stone corridor, echoing",True,0.456,opengameart/80-cc0-rpg-sfx/creature_misc_05.ogg,0-0.601,True
sfx_spell_levo_cast,spells,0,"the sound of an open rising airy magical tone, levitation spell",True,0.455,kenney/ui-audio/Audio/switch10.ogg,0-0.367,True
amb_room_bronze_interior_loop,ambience,1,"the sound of smoke, dust, a low fire",False,0.454,kenney/sci-fi-sounds/Audio/thrusterFire_002.ogg,0-5,True
sting_alarm_roused_late,music,0,"the sound of alarm → roused, late instruments",False,0.452,kenney/digital-audio/Audio/zapTwoTone2.ogg,0-1.202,True
sfx_drawbridge_raise_loop,world,1,the sound of (if #44 builds it) winching,False,0.451,kenney/digital-audio/Preview.ogg,30-40,True
sfx_spell_somnus_cast_soft,spells,0,"the sound of a soft breathy lullaby exhale with a gentle magical shimmer, sleep spell",True,0.446,kenney/ui-audio/Audio/switch10.ogg,0-0.367,False
sting_alarm_roused_high,music,0,"the sound of alarm → roused, high instruments",False,0.446,kenney/digital-audio/Audio/zapTwoTone2.ogg,0-1.202,False
sfx_wpn_xbow_bolt_fly,weapons,0,the sound of a bolt in flight,False,0.445,opengameart/80-cc0-rpg-sfx/creature_misc_05.ogg,0-0.601,False
amb_alarm_powder_huecry_loop,ambience,1,"the sound of a drum beat to quarters, then a drum roll and a signal gun",False,0.444,kenney/digital-audio/Preview.ogg,25-35,False
sfx_wpn_explosion_large,weapons,0,"the sound of a large black powder petard blasting a heavy door apart, huge boom and debris",True,0.442,kenney/sci-fi-sounds/Audio/explosionCrunch_003.ogg,0-1.553,False
amb_fire_candle_loop,ambience,1,the sound of candle fire,False,0.442,kenney/sci-fi-sounds/Audio/thrusterFire_002.ogg,0-5,False
sfx_wpn_xbow_loose,weapons,0,the sound of the string loosed,False,0.436,kenney/ui-audio/Audio/switch10.ogg,0-0.367,False
amb_fire_torch_loop,ambience,1,the sound of torch fire,False,0.433,kenney/sci-fi-sounds/Audio/thrusterFire_002.ogg,0-5,False
sfx_wpn_match_hiss_loop,weapons,1,the sound of a burning match-cord,False,0.429,kenney/sci-fi-sounds/Audio/thrusterFire_002.ogg,0-5,False
sfx_spell_saltus_cast,spells,0,"the sound of a crouch and a springing push-off, magical",True,0.428,opengameart/rpg-sound-pack/RPG Sound Pack/misc/random1.wav,0-0.987,False
sfx_lair_debt_due,cue,0,the sound of three slow knocks on the door,False,0.426,kenney/digital-audio/Audio/phaseJump3.ogg,0-0.444,False
sfx_enemy_keeper_firepot_shatter,creatures,0,the sound of a clay pot full of burning oil shattering and bursting into flame,True,0.422,kenney/casino-audio/Audio/card-shove-2.ogg,0-0.767,False
sfx_hazard_magazine_explosion,world,0,"the sound of a gunpowder magazine exploding inside a stone palace, enormous boom, collapse and debris",True,0.422,opengameart/rpg-sound-pack/RPG Sound Pack/misc/random1.wav,0-0.987,False
sfx_wpn_fuse_light,weapons,0,the sound of a fuse catches,False,0.419,kenney/interface-sounds/Audio/click_004.ogg,0-0.01,False
phys_impact_gold_heavy,physics,0,the sound of gold struck hard,False,0.416,opengameart/rpg-sound-pack/RPG Sound Pack/misc/random1.wav,0-0.987,False
sfx_fire_extinguish,world,0,the sound of a hiss,False,0.415,kenney/interface-sounds/Audio/minimize_007.ogg,0-0.186,False
sting_extract_success,music,0,"the sound of a short triumphant but shabby medieval fanfare on natural trumpets and tabor, slightly out of tune",True,0.415,opengameart/80-cc0-rpg-sfx/chain_03.ogg,0-0.927,False
sting_alarm_stirred_high,music,0,"the sound of alarm → stirred, high instruments",False,0.413,kenney/digital-audio/Preview.ogg,30-40,False
sfx_wpn_bronze_swing,weapons,0,the sound of bronze swing,False,0.412,opengameart/rpg-sound-pack/RPG Sound Pack/battle/sword-unsheathe5.wav,0-0.424,False
sfx_hazard_explosion_tail_distant,world,0,the sound of a distant muffled explosion heard through thick castle walls,True,0.412,kenney/sci-fi-sounds/Audio/lowFrequency_explosion_000.ogg,0-2,False
sting_alarm_roused_bronze,music,0,"the sound of alarm → roused, bronze instruments",False,0.412,kenney/digital-audio/Audio/zapTwoTone2.ogg,0-1.202,False
sting_alarm_huecry_late,music,0,"the sound of alarm → huecry, late instruments",False,0.412,kenney/digital-audio/Audio/phaserUp4.ogg,0-0.366,False
sfx_spell_somnus_cast_loud,spells,0,the sound of a sleep spell ruined by shouting: a harsh brassy blare over a breathy exhale,True,0.411,opengameart/rpg-sound-pack/RPG Sound Pack/NPC/shade/shade13.wav,0-1.146,False
sting_alarm_huecry_high,music,0,"the sound of alarm → huecry, high instruments",False,0.411,kenney/digital-audio/Audio/phaserUp4.ogg,0-0.366,False
sting_alarm_roused_powder,music,0,"the sound of alarm → roused, powder instruments",False,0.411,kenney/digital-audio/Audio/zapTwoTone2.ogg,0-1.202,False
sfx_wpn_match_tail_small,weapons,0,"the sound of echo tail, small room",False,0.41,kenney/sci-fi-sounds/Audio/slime_000.ogg,0-0.5,False
sfx_spell_porta_cast,spells,0,"the sound of a deep final magical word-tone, cold and heavy",True,0.409,kenney/digital-audio/Audio/zapTwoTone2.ogg,0-1.202,False
sting_alarm_stirred_late,music,0,"the sound of alarm → stirred, late instruments",False,0.403,kenney/digital-audio/Preview.ogg,30-40,False
foley_step_water,foley,0,the sound of a step on water,False,0.398,opengameart/rpg-sound-pack/RPG Sound Pack/inventory/bubble2.wav,0-0.438,False
phys_break_liquid,physics,0,the sound of contents spilling,False,0.395,kenney/sci-fi-sounds/Audio/slime_000.ogg,0-0.5,False
sfx_hazard_oil_pour,world,0,"the sound of boiling oil poured from above onto stone, thick splashing",True,0.393,kenney/sci-fi-sounds/Audio/slime_001.ogg,0-4.71,False
sfx_portal_open,spells,0,"the sound of a magical portal tearing open, cold inrushing air and glassy choir",True,0.389,opengameart/rpg-sound-pack/RPG Sound Pack/NPC/shade/shade9.wav,0-1.562,False
sting_alarm_huecry_powder,music,0,"the sound of alarm → huecry, powder instruments",False,0.388,kenney/digital-audio/Audio/phaserUp4.ogg,0-0.366,False
sfx_wpn_wheellock_spin,weapons,0,the sound of the wheel spins,False,0.384,kenney/ui-audio/Audio/switch10.ogg,0-0.367,False
sfx_spell_ignis_travel_loop,spells,1,"the sound of a small fireball flying, fluttering hiss and crackle",True,0.38,kenney/sci-fi-sounds/Audio/thrusterFire_002.ogg,0-5,False
sfx_hazard_arrowloop_loose,world,0,the sound of Late: arrows through the loops,False,0.378,kenney/digital-audio/Audio/spaceTrash3.ogg,0-1.535,False
sfx_wpn_sling_release,weapons,0,the sound of the stone let fly,False,0.375,opengameart/rpg-sound-pack/RPG Sound Pack/NPC/beetle/bite-small3.wav,0-0.515,False
sting_alarm_stirred_powder,music,0,"the sound of alarm → stirred, powder instruments",False,0.372,opengameart/80-cc0-rpg-sfx/item_misc_06.ogg,0-0.716,False
sfx_spell_aurumvoco_cast,spells,0,"the sound of two beats of distant golden bells ringing, rich and warm, magical treasure reveal",True,0.369,kenney/digital-audio/Audio/zapTwoTone2.ogg,0-1.202,False
sting_alarm_huecry_bronze,music,0,"the sound of alarm → huecry, bronze instruments",False,0.361,opengameart/rpg-sound-pack/RPG Sound Pack/NPC/slime/slime6.wav,0-0.42,False
sfx_wpn_blunt_swing,weapons,0,the sound of a heavy swing,False,0.36,kenney/interface-sounds/Audio/click_004.ogg,0-0.01,False
sfx_wpn_match_flash_in_pan,weapons,0,the sound of it didn't fire,False,0.354,kenney/sci-fi-sounds/Audio/explosionCrunch_000.ogg,0-0.777,False
sfx_portal_arrive,spells,0,"the sound of arriving through a portal into a cold night castle courtyard, whoosh fading to wind",True,0.354,opengameart/rpg-sound-pack/RPG Sound Pack/battle/swing.wav,0-0.229,False
sfx_wpn_match_tail_large,weapons,0,"the sound of echo tail, big hall",False,0.352,kenney/sci-fi-sounds/Audio/impactMetal_003.ogg,0-0.777,False
sfx_spell_somnus_apply,spells,0,"the sound of a soft falling sigh, someone drifting asleep",True,0.35,opengameart/80-cc0-rpg-sfx/creature_hurt_01.ogg,0-0.621,False
phys_impact_gold_light,physics,0,the sound of gold struck lightly,False,0.348,kenney/interface-sounds/Audio/switch_001.ogg,0-0.618,False
sfx_voice_teammate_tell,spells,0,"the sound of a rising whispered magical hum, breathy voices swelling into a glassy shimmer, dry, no reverb",True,0.342,opengameart/rpg-sound-pack/RPG Sound Pack/NPC/shade/shade9.wav,0-1.562,False
sting_alarm_stirred_bronze,music,0,"the sound of alarm → stirred, bronze instruments",False,0.34,opengameart/80-cc0-rpg-sfx/stones_03.ogg,0-1.2,False
sfx_status_burning_out,foley,0,the sound of a hiss and smoulder,False,0.337,kenney/interface-sounds/Audio/minimize_007.ogg,0-0.186,False
sfx_wpn_debris,weapons,0,the sound of debris raining down,False,0.337,kenney/sci-fi-sounds/Audio/explosionCrunch_001.ogg,0-1.357,False
sfx_lair_revive,cue,0,the sound of a warm rising chord,False,0.336,opengameart/rpg-sound-pack/RPG Sound Pack/battle/spell.wav,0-3.25,False
amb_room_crypt_loop,ambience,1,the sound of drips and deep sub-rumble,False,0.333,kenney/sci-fi-sounds/Audio/slime_001.ogg,0-4.71,False
amb_alarm_late_roused,ambience,0,"the sound of a watch horn, then a tocsin bell and drum",False,0.33,kenney/digital-audio/Audio/zapTwoTone.ogg,0-1.306,False
sfx_hazard_oil_sizzle,world,0,the sound of oil sizzling,False,0.33,kenney/sci-fi-sounds/Audio/thrusterFire_004.ogg,0-5,False
amb_alarm_bronze_roused,ambience,0,"the sound of a bull-horn call, then war-conch and bronze gong",False,0.327,kenney/impact-sounds/Audio/impactBell_heavy_000.ogg,0-1.48,False
amb_late_exterior_loop,ambience,1,"the sound of wet stone, gutters dripping, flags snapping",False,0.318,kenney/casino-audio/Preview.ogg,20-30,False
sfx_wpn_xbow_span_loop,weapons,1,the sound of the long terrible pause,False,0.313,kenney/sci-fi-sounds/Audio/spaceEngineLow_000.ogg,0-5,False
sfx_door_grate_open,world,0,the sound of a rattle and squeal,False,0.313,opengameart/80-cc0-rpg-sfx/item_misc_06.ogg,0-0.716,False
sfx_wpn_fuse_loop,weapons,1,the sound of a fizzing fuse,False,0.31,kenney/sci-fi-sounds/Audio/thrusterFire_002.ogg,0-5,False
amb_alarm_high_roused,ambience,0,"the sound of a single chapel bell, then fast tolling",False,0.309,kenney/impact-sounds/Audio/impactBell_heavy_001.ogg,0-1.741,False
sfx_status_burning_loop,foley,1,the sound of crackle close to cloth,False,0.29,kenney/sci-fi-sounds/Audio/thrusterFire_004.ogg,0-5,False
sting_portal_opened,music,0,"the sound of an otherworldly choir of reversed voices and glass harmonica swelling up, cold and magical",True,0.287,kenney/digital-audio/Preview.ogg,30-40,False
sfx_debris_settle,world,0,the sound of dust and pebbles,False,0.283,kenney/interface-sounds/Audio/close_004.ogg,0-0.323,False
sfx_carry_strain_loop,physics,1,the sound of wood-and-gilt creaks and groans,False,0.241,kenney/rpg-audio/Preview.ogg,5-15,False
amb_enemy_lantern_creak_loop,ambience,1,the sound of a creaking lantern bail,False,0.233,kenney/rpg-audio/Preview.ogg,20-26.127,False
amb_spot_dripping,ambience,1,the sound of a drip,False,0.229,kenney/sci-fi-sounds/Audio/slime_001.ogg,0-4.71,False
amb_alarm_late_huecry_loop,ambience,1,"the sound of a watch horn, then a tocsin bell and drum",False,0.227,kenney/digital-audio/Preview.ogg,30-40,False
amb_room_magazine_loop,ambience,1,"the sound of dry, muffled, creaking kegs",False,0.213,kenney/casino-audio/Preview.ogg,25-35,False
amb_room_corridor_loop,ambience,1,"the sound of dead air, a faint draught",False,0.209,kenney/sci-fi-sounds/Audio/thrusterFire_000.ogg,0-5,False
sfx_portcullis_raise_loop,world,1,the sound of chain and ratchet,False,0.208,kenney/sci-fi-sounds/Audio/spaceEngineSmall_001.ogg,0-5,False
amb_room_hall_loop,ambience,1,"the sound of a large, faintly humming space",False,0.208,kenney/sci-fi-sounds/Audio/thrusterFire_000.ogg,0-5,False
amb_spot_wind_gap,ambience,1,the sound of wind through a gap,False,0.185,kenney/sci-fi-sounds/Audio/spaceEngineLarge_003.ogg,0-5,False
phys_scrape_metal_loop,physics,1,the sound of dragging metal,False,0.184,kenney/sci-fi-sounds/Audio/spaceEngineSmall_001.ogg,0-5,False
amb_room_kunstkammer_loop,ambience,1,"the sound of a clock ticking, a clockwork curiosity",False,0.182,kenney/ui-audio/Preview.ogg,0-10,False
amb_room_counting_loop,ambience,1,"the sound of quiet, an occasional abacus click",False,0.181,kenney/sci-fi-sounds/Audio/thrusterFire_000.ogg,0-5,False
amb_room_small_loop,ambience,1,the sound of room tone,False,0.174,kenney/sci-fi-sounds/Audio/thrusterFire_000.ogg,0-5,False
sfx_wpn_sling_whirl_loop,weapons,1,the sound of a cord whirled overhead,False,0.172,kenney/sci-fi-sounds/Audio/spaceEngineLarge_001.ogg,0-5,False
amb_alarm_bronze_huecry_loop,ambience,1,"the sound of a bull-horn call, then war-conch and bronze gong",False,0.172,kenney/digital-audio/Preview.ogg,30-40,False
amb_room_chapel_loop,ambience,1,"the sound of a huge reverberant hush, a faint organ drone",False,0.166,kenney/sci-fi-sounds/Audio/thrusterFire_000.ogg,0-5,False
amb_room_gallery_loop,ambience,1,the sound of wind rattling big glass panes,False,0.166,kenney/sci-fi-sounds/Audio/spaceEngineLarge_001.ogg,0-5,False
amb_lair_bed_loop,ambience,1,"the sound of drips, damp stone, a far creak",False,0.159,kenney/digital-audio/Preview.ogg,40-49.225,False
amb_room_stair_loop,ambience,1,the sound of a draught whistling round the newel,False,0.154,kenney/sci-fi-sounds/Audio/spaceEngine_000.ogg,0-5,False
sfx_status_asleep_player_loop,foley,1,"the sound of soft breathing, never the player's voice",False,0.153,kenney/sci-fi-sounds/Audio/thrusterFire_000.ogg,0-5,False
amb_spot_rats,ambience,1,the sound of rats in the stone,False,0.151,kenney/sci-fi-sounds/Audio/thrusterFire_000.ogg,0-5,False
amb_alarm_high_huecry_loop,ambience,1,"the sound of a single chapel bell, then fast tolling",False,0.146,kenney/digital-audio/Preview.ogg,30-40,False
phys_roll_loop,physics,1,the sound of round things rolling,False,0.143,kenney/rpg-audio/Preview.ogg,10-20,False
phys_scrape_wood_loop,physics,1,the sound of dragging over wood,False,0.134,kenney/rpg-audio/Preview.ogg,5-15,False
phys_scrape_stone_loop,physics,1,the sound of dragging over stone,False,0.126,kenney/sci-fi-sounds/Audio/spaceEngineLow_000.ogg,0-5,False
amb_powder_exterior_loop,ambience,1,"the sound of light breeze, distant town bells, a fountain",False,0.117,kenney/digital-audio/Preview.ogg,40-49.225,False
amb_household_stir_loop,ambience,1,"the sound of distant doors, muffled voices, dogs",False,0.112,kenney/digital-audio/Preview.ogg,40-49.225,False
amb_high_exterior_loop,ambience,1,"the sound of cold wind on stone, an owl, a far dog",False,0.092,kenney/sci-fi-sounds/Audio/thrusterFire_000.ogg,0-5,False
amb_bronze_exterior_loop,ambience,1,"the sound of warm night wind, crickets, a distant sea",False,0.075,kenney/sci-fi-sounds/Audio/thrusterFire_000.ogg,0-5,False
