sound,best_score,best_file,covered
sfx_spell_ignis_misfire,0.596,kenney/casino-audio/Audio/card-shove-3.ogg,True
sfx_spell_velox_misfire,0.594,kenney/casino-audio/Audio/card-place-1.ogg,True
sfx_spell_ignis_cast,0.584,kenney/casino-audio/Audio/card-slide-4.ogg,True
sfx_spell_saltus_misfire,0.578,kenney/interface-sounds/Audio/error_003.ogg,True
sfx_spell_velox_dash,0.567,kenney/casino-audio/Audio/card-place-1.ogg,True
sfx_spell_aurumvoco_misfire,0.564,kenney/interface-sounds/Audio/maximize_003.ogg,True
sfx_spell_fizzle,0.547,kenney/casino-audio/Audio/card-shove-3.ogg,True
sfx_spell_frango_shatter_metal,0.547,kenney/interface-sounds/Audio/glass_004.ogg,True
sfx_spell_saltus_land_slam,0.527,kenney/rpg-audio/Audio/cloth1.ogg,True
sfx_spell_frango_cast,0.506,kenney/impact-sounds/Audio/impactBell_heavy_000.ogg,True
sfx_spell_frango_misfire,0.494,kenney/rpg-audio/Audio/doorClose_2.ogg,True
sfx_spell_velox_cast,0.492,kenney/ui-audio/Audio/rollover3.ogg,True
sfx_spell_somnus_misfire,0.479,kenney/rpg-audio/Audio/footstep04.ogg,True
sfx_portal_enter,0.457,kenney/interface-sounds/Audio/switch_006.ogg,True
sfx_spell_levo_cast,0.455,kenney/ui-audio/Audio/switch10.ogg,True
sfx_spell_somnus_cast_soft,0.446,kenney/ui-audio/Audio/switch10.ogg,False
sting_spell_misfire,0.445,kenney/rpg-audio/Audio/creak3.ogg,False
sfx_spell_saltus_cast,0.397,kenney/interface-sounds/Audio/scratch_005.ogg,False
sfx_spell_saltus_launch,0.397,kenney/interface-sounds/Audio/maximize_003.ogg,False
sfx_spell_ignis_impact,0.392,kenney/casino-audio/Audio/card-shove-3.ogg,False
sfx_spell_frango_shatter_stone,0.378,kenney/impact-sounds/Audio/impactBell_heavy_000.ogg,False
sfx_spell_porta_cast,0.372,kenney/interface-sounds/Audio/switch_001.ogg,False
sfx_spell_somnus_cast_loud,0.358,kenney/interface-sounds/Audio/open_004.ogg,False
sfx_portal_collapse,0.353,kenney/impact-sounds/Audio/impactBell_heavy_000.ogg,False
sfx_spell_porta_misfire,0.349,kenney/interface-sounds/Audio/click_004.ogg,False
sfx_spell_aurumvoco_cast,0.339,kenney/ui-audio/Audio/switch10.ogg,False
sfx_portal_open,0.294,kenney/interface-sounds/Audio/maximize_003.ogg,False
sfx_spell_porta_open,0.288,kenney/interface-sounds/Audio/maximize_003.ogg,False
sfx_spell_somnus_apply,0.253,kenney/ui-audio/Audio/switch4.ogg,False
sting_portal_opened,0.239,kenney/interface-sounds/Audio/switch_001.ogg,False
sfx_portal_arrive,0.215,kenney/interface-sounds/Audio/switch_006.ogg,False
sfx_spell_ignis_travel_loop,0.189,kenney/casino-audio/Preview.ogg,False
