name,variants,folder,bus,spatial,loop,final,noise,recipe,brief,ai_prompt
ui_button_hover,3,UI,UI,2d,0,L,none,kenney:ui-audio/rollover*,a dry fingertip on vellum,
ui_button_click,3,UI,UI,2d,0,L,none,kenney:interface-sounds/click_*,a quill tap on a wooden desk,
ui_button_back,1,UI,UI,2d,0,L,none,kenney:rpg-audio/bookFlip* shift=0.9,a page flipped backwards,
ui_button_denied,1,UI,UI,2d,0,G,none,synth:thump dur=0.15 freq=140 click=0.6 decay=35,a dull wooden knock,
ui_screen_open,2,UI,UI,2d,0,L,none,kenney:rpg-audio/bookFlip*,a page turning,
ui_screen_close,1,UI,UI,2d,0,L,none,kenney:rpg-audio/bookClose*,a book closing softly,
ui_slider_tick,1,UI,UI,2d,0,G,none,synth:tick dur=0.04 freq=1800 noise=0.6,a small ratchet click,
ui_toggle_on,1,UI,UI,2d,0,L,none,kenney:rpg-audio/metalLatch*,a latch opening,
ui_toggle_off,1,UI,UI,2d,0,L,none,kenney:rpg-audio/metalClick*,a latch closing,
ui_keybind_listen,1,UI,UI,2d,0,L,none,kenney:rpg-audio/bookPlace* gain=-6,a quill dipped in ink,
ui_keybind_set,1,UI,UI,2d,0,L,none,synth:thump dur=0.2 freq=110 click=0.4 decay=20,a wax seal pressed,
ui_error,1,UI,UI,2d,0,L,none,kenney:interface-sounds/error_00*,torn parchment,
ui_pause_open,1,UI,UI,2d,0,L,none,kenney:rpg-audio/cloth* shift=0.8,a heavy curtain drawn,
ui_pause_close,1,UI,UI,2d,0,L,none,kenney:rpg-audio/cloth* shift=0.7,a heavy curtain drawn back,
ui_lobby_join,1,UI,UI,2d,0,G,none,synth:chime notes=880/1320 dur=0.6 gap=0.09,"a small handbell, rising",
ui_lobby_leave,1,UI,UI,2d,0,G,none,synth:chime notes=1320/880 dur=0.6 gap=0.09,"a small handbell, falling",
ui_invite_received,1,UI,UI,2d,0,L,none,synth:thump dur=0.2 freq=120 click=0.8 decay=25 + synth:thump dur=0.2 freq=118 click=0.8 decay=25,"a knock on a wooden door, twice",
ui_ready,1,UI,UI,2d,0,L,none,kenney:rpg-audio/metalPot* gain=-4,a tankard set down,
ui_hit_confirm,3,UI,UI,2d,0,G,none,synth:tick dur=0.06 freq=700 decay=70 noise=0.5,a very short thock under the world sound,
ui_hit_friendly,2,UI,UI,2d,0,G,none,synth:boing dur=0.35 freq=260 + synth:thump dur=0.15 freq=200 click=0.8,a comic wooden bonk,
ui_kill_confirm,1,UI,UI,2d,0,G,none,synth:thump dur=0.4 freq=70 click=0.2 decay=10,a low muted drum tap,
sfx_voice_listen_open,1,SFX/Voice,SFX/Spells,2d,0,G,none,synth:breath dur=0.07 inhale=1 + synth:shimmer dur=0.07 root=880 attack=0.1,under 80 ms: a soft intake of air plus a faint lapis shimmer,
sfx_voice_listen_close,1,SFX/Voice,SFX/Spells,2d,0,G,none,synth:shimmer dur=0.08 root=660 attack=0.02,the shimmer cut off,
sfx_voice_teammate_tell,3,SFX/Voice,SFX/Spells,3d,0,A,none,synth:shimmer dur=0.35 root=330 attack=0.8 rise=1.5 + synth:breath dur=0.35 inhale=1,a rising whispered lapis hum ~300 ms: the half-a-heartbeat warning,"a rising whispered magical hum, breathy voices swelling into a glassy shimmer, 0.4 seconds, dry, no reverb"
sfx_spell_fizzle,3,SFX/Spells,SFX/Spells,3d,0,A,low,synth:hiss dur=0.4 low=1500 high=6000 decay=8 + synth:whoosh dur=0.3 f0=800 f1=300,a wet match; a puff of dust,"a damp match failing to light, weak fizzle and a small puff of dust, comic, 0.5 seconds"
sfx_spell_no_mana,1,SFX/Spells,SFX/Spells,2d,0,G,none,synth:hiss dur=0.25 low=2000 high=7000 decay=15 + synth:tick dur=0.05 freq=900,a dry cough of sparks,
sfx_spell_mana_restored,1,SFX/Spells,SFX/Spells,2d,0,G,none,synth:chime notes=990/1480 dur=0.8 gap=0.1 decay=5,a soft verdigris chime,
sfx_spell_ignis_cast,3,SFX/Spells,SFX/Spells,3d,0,A,low,synth:whumph dur=0.25 size=2 + synth:shimmer dur=0.3 root=520 attack=0.3 gain=-10,"a hard spit of ember, 180 ms","a short hard spit of fire, an ember flicked from a fingertip, magical, 0.3 seconds"
sfx_spell_ignis_travel_loop,1,SFX/Spells,SFX/Spells,3d,1,A,low,synth:crackle dur=3 density=60 body=0.3 + synth:hiss dur=3 low=1000 high=5000 flutter=9,a small hiss and flutter,"a small fireball flying, fluttering hiss and crackle, seamless loop"
sfx_spell_ignis_impact,3,SFX/Spells,SFX/Spells,3d,0,A,mid,synth:whumph dur=0.6 size=1.4 + synth:crackle dur=0.6 density=80 body=0,a flame pop and crackle,"a fireball hitting stone, flame pop and crackle burst, 0.8 seconds"
sfx_spell_ignis_misfire,2,SFX/Spells,SFX/Spells,3d,0,A,mid,synth:whumph dur=0.9 size=1.0 + synth:hiss dur=0.9 low=2000 high=8000 decay=3,a whumph right in your face: your beard catches,"a beard suddenly catching fire right next to the ear, whoomph and sizzle, comic, 1 second"
sfx_spell_frango_cast,2,SFX/Spells,SFX/Spells,3d,0,A,mid,synth:thump dur=0.3 freq=120 click=1.2 decay=20 + synth:shatter dur=0.3 pieces=10 low=2500 + synth:shimmer dur=0.3 root=520 attack=0.3 gain=-10,"a plosive crack, a knuckle through stone","a plosive magical crack like a fist punching through stone, 0.4 seconds"
sfx_spell_frango_shatter_stone,3,SFX/Spells,SFX/Spells,3d,0,L,high,synth:crumble dur=1.8 density=50,"stone splitting, then rubble","masonry wall splitting apart and collapsing into rubble, 2 seconds"
sfx_spell_frango_shatter_wood,2,SFX/Spells,SFX/Spells,3d,0,L,high,kenney:impact-sounds/impactWood_heavy_* + synth:crumble dur=1.0 density=40 size=0.3 gain=-6,timber splintering,
sfx_spell_frango_shatter_metal,2,SFX/Spells,SFX/Spells,3d,0,L,high,synth:metal_ring dur=1.5 freq=900 clank=1.0 + synth:thump dur=0.2 freq=200 click=1,an iron snap and a ringing tail,"an iron lock snapping apart, metallic crack with a ringing tail, 1.5 seconds"
sfx_spell_frango_misfire,1,SFX/Spells,SFX/Spells,3d,0,A,high,synth:thump dur=0.3 freq=150 click=1.5 decay=20 + synth:shatter dur=0.8 pieces=50,the crack right in your hands,"a crack of magic in your hands and a precious object shattering, 1 second"
sfx_spell_levo_cast,2,SFX/Spells,SFX/Spells,3d,0,A,low,synth:shimmer dur=0.5 root=330 attack=0.6 rise=1.3 + synth:breath dur=0.5 inhale=1 gain=-6,"an open, rising breath-tone","an open rising airy magical tone, levitation spell, 0.5 seconds"
sfx_spell_levo_hold_loop,1,SFX/Spells,SFX/Spells,3d,1,G,none,synth:hum dur=4 freq=110 tremolo=3,a hum; the game shifts its pitch by the held mass,
sfx_spell_levo_release,1,SFX/Spells,SFX/Spells,3d,0,G,none,synth:whine dur=0.4 f0=220 f1=110 depth=0.01,the hum drops away,
sfx_spell_levo_misfire,1,SFX/Spells,SFX/Spells,3d,0,G,low,synth:whine dur=1.5 f0=300 f1=900 wobble=6 depth=0.08,"a wobbling, rising whine","a wobbling rising whine of someone floating away out of control, comic, 1.5 seconds"
sfx_spell_aurumvoco_cast,1,SFX/Spells,SFX/Spells,3d,0,A,mid,synth:chime notes=1047/1568 dur=1.6 gap=0.34 decay=3 gold=1 + synth:shimmer dur=1.2 root=520 gain=-8,a two-beat chord of distant bells: the gold timbre,"two beats of distant golden bells ringing, rich and warm, magical treasure reveal, 1.5 seconds"
sfx_spell_aurumvoco_reveal_loop,1,SFX/Spells,SFX/Spells,3d,1,G,none,synth:coins dur=4 count=14 spread=1.0 + synth:shimmer dur=4 root=1047 attack=0.5 gain=-10,coins singing through the walls,
sfx_spell_aurumvoco_end,1,SFX/Spells,SFX/Spells,3d,0,G,none,synth:chime notes=1568/1047 dur=1.2 gap=0.2 decay=4 gold=1,the bells fading out,
sfx_spell_aurumvoco_misfire,2,SFX/Spells,SFX/Spells,3d,0,A,max,synth:coins dur=1.5 count=40 + synth:whine dur=1.2 f0=1800 f1=2600 wobble=11 depth=0.1,a coin burst and a shrill metallic scream,"a burst of gold coins exploding outwards with a shrill metallic screaming, comic, 1.5 seconds"
sfx_spell_velox_cast,1,SFX/Spells,SFX/Spells,3d,0,A,low,synth:whoosh dur=0.15 f0=2000 f1=6000 attack=0.1,a snap of air,"a sharp snap of air, 0.2 seconds"
sfx_spell_velox_dash,2,SFX/Spells,SFX/Spells,3d,0,L,low,synth:whoosh dur=0.35 f0=300 f1=4000 attack=0.3,a whoosh past the ear,"a fast whoosh past the ear, 0.4 seconds"
sfx_spell_velox_misfire,1,SFX/Spells,SFX/Spells,3d,0,A,mid,synth:whoosh dur=0.35 f0=300 f1=4000 + synth:thump dur=0.3 freq=80 click=0.8,a whoosh then a thud,"a fast whoosh ending in a body thudding into a wall, comic, 0.8 seconds"
sfx_spell_saltus_cast,1,SFX/Spells,SFX/Spells,3d,0,A,low,synth:boing dur=0.3 freq=120,a coiled spring,"a coiled spring releasing, magical, 0.3 seconds"
sfx_spell_saltus_launch,1,SFX/Spells,SFX/Spells,3d,0,L,low,synth:whoosh dur=0.5 f0=200 f1=2500 attack=0.2,a rising whoosh,
sfx_spell_saltus_land_slam,2,SFX/Spells,SFX/Spells,3d,0,L,high,synth:thump dur=0.6 freq=55 click=1.0 decay=7 + synth:crumble dur=0.8 density=30 size=0.5 gain=-8,a flagstone boom and dust,"a heavy body slamming onto flagstones, boom and dust, 1 second"
sfx_spell_saltus_misfire,1,SFX/Spells,SFX/Spells,3d,0,A,low,synth:boing dur=0.5 freq=300 + synth:thump dur=0.2 freq=150 click=0.5,"a sad little boing, then a stumble","a feeble sad little boing spring sound and a stumble, comic, 0.8 seconds"
sfx_spell_somnus_cast_soft,2,SFX/Spells,SFX/Spells,3d,0,A,none,synth:breath dur=0.9 inhale=0 low=300 high=2500 + synth:shimmer dur=0.9 root=392 attack=0.2 tremolo=3 gain=-8,a breathy lullaby exhale,"a soft breathy lullaby exhale with a gentle magical shimmer, sleep spell, 1 second"
sfx_spell_somnus_cast_loud,1,SFX/Spells,SFX/Spells,3d,0,A,high,synth:horn freq=196 dur=0.8 brass=1.0 + synth:breath dur=0.9 inhale=0,a harsh blare over the exhale,"a sleep spell ruined by shouting: a harsh brassy blare over a breathy exhale, 1 second"
sfx_spell_somnus_apply,2,SFX/Spells,SFX/Spells,3d,0,A,none,synth:whine dur=0.7 f0=500 f1=250 depth=0.01 + synth:breath dur=0.7 inhale=0 gain=-6,a soft down-pitched sigh,"a soft falling sigh, someone drifting asleep, 0.7 seconds"
sfx_spell_somnus_misfire,1,SFX/Spells,SFX/Spells,3d,0,A,low,synth:breath dur=0.8 inhale=0 + synth:thump dur=0.3 freq=90 click=0.4,"a sigh, then a thump","a sleepy sigh then a body flopping onto the floor, comic, 1.2 seconds"
sfx_spell_porta_cast,1,SFX/Spells,SFX/Spells,3d,0,A,high,synth:shimmer dur=1.0 root=147 voices=7 attack=0.2 + synth:thump dur=0.6 freq=50 decay=6,"a final, heavy word-tone: a lapis tear","a deep final magical word-tone, cold and heavy, 1 second"
sfx_spell_porta_open,1,SFX/Spells,SFX/Spells,3d,0,A,high,synth:whoosh dur=2.0 f0=80 f1=3000 q=0.8 attack=0.3 + synth:shimmer dur=2 root=110 voices=7 attack=0.3,"fabric of time tearing, a low roar","the fabric of time tearing open into a portal, cold roar and glassy shimmer, 2.5 seconds"
sfx_spell_porta_loop,1,SFX/Spells,SFX/Spells,3d,1,G,none,synth:drone dur=8 freqs=110/164.8/220 tremolo=0.3 bright=2000,a brighter lapis drone,
sfx_spell_porta_misfire,1,SFX/Spells,SFX/Spells,3d,0,L,mid,synth:thump dur=0.6 freq=90 click=0.9 decay=8 gain=-8 + synth:reed freq=300 dur=0.5 drop=1.2 gain=-10,"a distant door slams, then a questioning echo","a heavy door slamming far away down a stone corridor, echoing, 1.5 seconds"
sting_spell_misfire,3,Stingers,Music,2d,0,C,none,music:sting kind=spell_misfire,a crumhorn blat: the comic twin reveal,"a single comic crumhorn blat, a medieval buzzy reed instrument sagging downward in pitch, 0.7 seconds"
sfx_status_burning_loop,1,SFX/Status,SFX/World,3d,1,L,low,synth:crackle dur=4 density=50 body=0.6,crackle close to cloth,
sfx_status_burning_out,1,SFX/Status,SFX/World,3d,0,L,none,synth:hiss dur=0.8 low=1500 high=6000 decay=4,a hiss and smoulder,
sfx_status_asleep_player_loop,2,SFX/Status,SFX/Foley,3d,1,R,low,synth:snore dur=3.5 pitch=40,"soft breathing, never the player's voice",
sfx_status_stagger,2,SFX/Status,SFX/Foley,2d,0,G,none,synth:whine dur=1.2 f0=3200 f1=3000 depth=0.005,a ringing-ear whine (local),
sfx_status_levitating_loop,1,SFX/Status,SFX/Spells,3d,1,G,none,synth:whine dur=3 f0=600 f1=600 wobble=5 depth=0.06,the Levo misfire loop,
foley_step_stone,6,Foley,SFX/Foley,3d,0,L,low,kenney:impact-sounds/footstep_concrete_*,a step on stone,
foley_step_wood,6,Foley,SFX/Foley,3d,0,L,low,kenney:impact-sounds/footstep_wood_*,a step on wood,
foley_step_earth,6,Foley,SFX/Foley,3d,0,L,low,kenney:impact-sounds/footstep_grass_* shift=0.85,a step on earth,
foley_step_rushes,6,Foley,SFX/Foley,3d,0,L,low,kenney:impact-sounds/footstep_snow_* shift=1.15,a step on rushes,
foley_step_tile,6,Foley,SFX/Foley,3d,0,L,low,kenney:impact-sounds/footstep_concrete_* shift=1.2,a step on tile,
foley_step_metal,4,Foley,SFX/Foley,3d,0,L,mid,kenney:impact-sounds/impactMetal_light_* gain=-8,a step on metal,
foley_step_water,4,Foley,SFX/Foley,3d,0,L,low,synth:drips dur=0.25 rate=12 + synth:whoosh dur=0.2 f0=400 f1=1500 gain=-6,a step on water,
foley_robe_move,6,Foley,SFX/Foley,3d,0,L,none,kenney:rpg-audio/cloth*,wool robe swish,
foley_player_jump,2,Foley,SFX/Foley,3d,0,L,low,kenney:rpg-audio/cloth* + synth:thump dur=0.1 freq=100 click=0.3 gain=-10,cloth whip and push-off,
foley_player_land,3,Foley,SFX/Foley,3d,0,L,low,kenney:impact-sounds/impactSoft_medium_*,a light thump,
foley_player_land_heavy,2,Foley,SFX/Foley,3d,0,L,mid,kenney:impact-sounds/impactSoft_heavy_*,a thud and a rattle of gear,
foley_player_dodge,3,Foley,SFX/Foley,3d,0,L,low,synth:whoosh dur=0.25 f0=500 f1=2500 + kenney:rpg-audio/cloth* gain=-4,a quick cloth whoosh and scuff,
sfx_player_hurt,4,SFX/Player,SFX/Foley,3d,0,L,low,kenney:impact-sounds/impactPunch_medium_*,a body thump plus a cloth hit,
sfx_player_hurt_heavy,2,SFX/Player,SFX/Foley,3d,0,L,mid,kenney:impact-sounds/impactPunch_heavy_*,a heavier impact,
sfx_player_heartbeat_loop,1,SFX/Player,SFX/Foley,2d,1,G,none,synth:heartbeat bpm=70 beats=4,a slow heartbeat (local),
sfx_player_downed,1,SFX/Player,SFX/Foley,3d,0,L,mid,kenney:impact-sounds/impactSoft_heavy_* + kenney:rpg-audio/dropLeather*,the body collapses,
sfx_player_death,1,SFX/Player,SFX/Foley,3d,0,L,mid,kenney:impact-sounds/impactSoft_heavy_* + synth:bell_toll freq=110 dur=4 gain=-6,"a collapse, then a single low bell",
sfx_player_carried_loop,1,SFX/Player,SFX/Foley,3d,1,L,low,kenney:rpg-audio/cloth* + synth:creak dur=2 rate=8 pitch=300 gain=-12,limp-body cloth drag and creak,
sfx_grab_beam_start,1,SFX/Grab,SFX/Spells,3d,0,G,none,synth:whine dur=0.2 f0=500 f1=1500 depth=0 + synth:shimmer dur=0.2 root=880 attack=0.1 gain=-8,a verdigris zip,
sfx_grab_beam_loop,1,SFX/Grab,SFX/Spells,3d,1,G,none,synth:hum dur=3 freq=220 tremolo=6 harm=0.4,a quiet hum; strains with bulk,
sfx_grab_beam_release,1,SFX/Grab,SFX/Spells,3d,0,G,none,synth:whine dur=0.15 f0=1200 f1=400 depth=0,a soft snap,
sfx_grab_pickup_light,3,SFX/Grab,SFX/World,3d,0,L,none,kenney:rpg-audio/handleSmallLeather* + kenney:rpg-audio/beltHandle* gain=-6,a quick lift,
sfx_grab_pickup_heavy,3,SFX/Grab,SFX/World,3d,0,L,low,kenney:impact-sounds/impactPlank_medium_* gain=-6 pitch=0.8,scrape and heave,
sfx_carry_strain_loop,1,SFX/Grab,SFX/World,3d,1,L,low,synth:creak dur=3 rate=12 pitch=250 rise=0.8,wood-and-gilt creaks and groans,
sfx_throw_whoosh_light,3,SFX/Grab,SFX/World,3d,0,L,none,synth:whoosh dur=0.25 f0=600 f1=3500,a short whoosh,
sfx_throw_whoosh_heavy,3,SFX/Grab,SFX/World,3d,0,L,low,synth:whoosh dur=0.5 f0=150 f1=1500 q=1.0,a slow deep whoosh,
phys_impact_stone_light,4,Physics,SFX/World,3d,0,L,low,kenney:impact-sounds/impactMining_*,stone struck lightly,
phys_impact_stone_heavy,3,Physics,SFX/World,3d,0,L,mid,kenney:impact-sounds/impactMining_* shift=0.7,stone struck hard,
phys_impact_wood_light,4,Physics,SFX/World,3d,0,L,low,kenney:impact-sounds/impactWood_light_*,wood struck lightly,
phys_impact_wood_heavy,3,Physics,SFX/World,3d,0,L,mid,kenney:impact-sounds/impactWood_heavy_*,wood struck hard,
phys_impact_metal_light,4,Physics,SFX/World,3d,0,L,mid,kenney:impact-sounds/impactMetal_light_*,metal struck lightly,
phys_impact_metal_heavy,3,Physics,SFX/World,3d,0,L,high,kenney:impact-sounds/impactMetal_heavy_*,metal struck hard,
phys_impact_bronze_light,3,Physics,SFX/World,3d,0,L,mid,kenney:impact-sounds/impactBell_heavy_* shift=1.3,bronze struck lightly,
phys_impact_bronze_heavy,3,Physics,SFX/World,3d,0,L,high,kenney:impact-sounds/impactBell_heavy_*,bronze struck hard,
phys_impact_gold_light,3,Physics,SFX/World,3d,0,L,mid,synth:metal_ring dur=0.8 freq=1600 decay=5 clank=0.3,gold struck lightly,
phys_impact_gold_heavy,2,Physics,SFX/World,3d,0,L,high,synth:metal_ring dur=1.2 freq=900 decay=3 clank=0.5,gold struck hard,
phys_impact_ceramic_light,4,Physics,SFX/World,3d,0,L,low,kenney:impact-sounds/impactPlate_light_*,faience or terracotta knocked,
phys_impact_glass_light,3,Physics,SFX/World,3d,0,L,low,kenney:impact-sounds/impactGlass_light_*,glass knocked,
phys_impact_cloth,3,Physics,SFX/World,3d,0,L,none,kenney:impact-sounds/impactSoft_medium_* gain=-4,cloth landing,
phys_impact_book,3,Physics,SFX/World,3d,0,L,low,kenney:rpg-audio/bookPlace*,a book landing,
phys_impact_body,4,Physics,SFX/World,3d,0,L,mid,kenney:impact-sounds/impactPunch_heavy_* + kenney:impact-sounds/impactSoft_heavy_*,a thrown body,
phys_impact_coins,3,Physics,SFX/World,3d,0,L,mid,kenney:casino-audio/chips-collide-* + synth:coins dur=0.5 count=6 gain=-4,coins landing,
phys_scrape_stone_loop,1,Physics,SFX/World,3d,1,L,low,synth:hiss dur=3 low=300 high=3000 flutter=13 + synth:rattle dur=3 density=30 freq=900,dragging over stone,
phys_scrape_wood_loop,1,Physics,SFX/World,3d,1,L,low,synth:creak dur=3 rate=30 pitch=500 rise=1.0,dragging over wood,
phys_scrape_metal_loop,1,Physics,SFX/World,3d,1,L,mid,synth:hiss dur=3 low=2000 high=8000 flutter=17 + synth:rattle dur=3 density=40 freq=2500,dragging metal,
phys_roll_loop,1,Physics,SFX/World,3d,1,L,low,synth:rattle dur=2 density=20 freq=400 + synth:hiss dur=2 low=100 high=600 flutter=4,round things rolling,
phys_break_ceramic,3,Physics,SFX/World,3d,0,L,high,kenney:impact-sounds/impactPlate_heavy_* + synth:shatter dur=0.8 pieces=25 low=1200 brightness=0.6,pottery shattering,
phys_break_glass,3,Physics,SFX/World,3d,0,L,high,kenney:impact-sounds/impactGlass_heavy_* + synth:shatter dur=1.0 pieces=40,small glass shattering,
phys_break_glass_large,2,Physics,SFX/World,3d,0,L,max,synth:shatter dur=2.5 pieces=160 + kenney:impact-sounds/impactGlass_heavy_*,the Venetian Mirror: a big long shatter,"a large antique mirror shattering on a stone floor, long cascade of glass, 3 seconds"
phys_break_wood,3,Physics,SFX/World,3d,0,L,high,kenney:impact-sounds/impactWood_heavy_* + synth:crumble dur=0.9 density=40 size=0.3 gain=-8,wood splintering,
phys_break_book,1,Physics,SFX/World,3d,0,L,low,kenney:rpg-audio/bookFlip* + synth:hiss dur=0.4 low=1000 high=6000 decay=6,a psalter torn apart,
phys_break_liquid,2,Physics,SFX/World,3d,0,L,low,synth:whoosh dur=0.6 f0=300 f1=1200 q=0.8 + synth:drips dur=0.6 rate=20,contents spilling,
phys_coin_spill,3,Physics,SFX/World,3d,0,L,high,synth:coins dur=1.2 count=30 + kenney:casino-audio/chips-stack-*,coins scattering,
sfx_loot_value_lost,2,SFX/Loot,UI,2d,0,G,none,synth:coin_drain steps=6,a coin-drain tink-tink-tink dropping away,
sfx_loot_highlight,1,SFX/Loot,UI,2d,0,G,none,synth:chime notes=2637 dur=0.5 gold=1 decay=8,a very faint gold glint,
sfx_loot_pickup_gold,2,SFX/Loot,SFX/World,3d,0,G,none,synth:coins dur=0.5 count=4,a brief coin chime on top of the pickup,
sfx_wpn_blade_swing,4,SFX/Weapons,SFX/Weapons,3d,0,L,low,synth:whoosh dur=0.3 f0=900 f1=4500 q=2.5,blade swing,
sfx_wpn_blade_hit_flesh,3,SFX/Weapons,SFX/Weapons,3d,0,L,low,kenney:rpg-audio/knifeSlice* shift=1.0 + kenney:impact-sounds/impactPunch_medium_* gain=-6,blade into body,
sfx_wpn_blade_hit_armour,3,SFX/Weapons,SFX/Weapons,3d,0,L,mid,kenney:impact-sounds/impactMetal_medium_* shift=1.0,blade on armour,
sfx_wpn_blade_hit_wood,2,SFX/Weapons,SFX/Weapons,3d,0,L,low,kenney:rpg-audio/chop* shift=1.0,blade into wood,
sfx_wpn_blade_hit_stone,2,SFX/Weapons,SFX/Weapons,3d,0,L,low,kenney:impact-sounds/impactMining_* shift=1.20,blade on stone,
sfx_wpn_blade_clash,3,SFX/Weapons,SFX/Weapons,3d,0,L,mid,synth:metal_ring dur=0.9 freq=1300 clank=1.0,blades meeting,
sfx_wpn_blade_draw,1,SFX/Weapons,SFX/Weapons,3d,0,L,low,kenney:rpg-audio/drawKnife* shift=1.0,drawn from the scabbard,
sfx_wpn_bronze_swing,4,SFX/Weapons,SFX/Weapons,3d,0,L,low,synth:whoosh dur=0.3 f0=720 f1=3600 q=2.5,bronze swing,
sfx_wpn_bronze_hit_flesh,3,SFX/Weapons,SFX/Weapons,3d,0,L,low,kenney:rpg-audio/knifeSlice* shift=0.8 + kenney:impact-sounds/impactPunch_medium_* gain=-6,blade into body,
sfx_wpn_bronze_hit_armour,3,SFX/Weapons,SFX/Weapons,3d,0,L,mid,kenney:impact-sounds/impactMetal_medium_* shift=0.8,blade on armour,
sfx_wpn_bronze_hit_wood,2,SFX/Weapons,SFX/Weapons,3d,0,L,low,kenney:rpg-audio/chop* shift=0.8,blade into wood,
sfx_wpn_bronze_hit_stone,2,SFX/Weapons,SFX/Weapons,3d,0,L,low,kenney:impact-sounds/impactMining_* shift=0.96,blade on stone,
sfx_wpn_bronze_clash,3,SFX/Weapons,SFX/Weapons,3d,0,L,mid,synth:metal_ring dur=0.9 freq=1040 clank=1.0,blades meeting,
sfx_wpn_bronze_draw,1,SFX/Weapons,SFX/Weapons,3d,0,L,low,kenney:rpg-audio/drawKnife* shift=0.8,drawn from the scabbard,
sfx_wpn_bronze_bend,1,SFX/Weapons,SFX/Weapons,3d,0,G,low,synth:creak dur=0.5 rate=60 pitch=900 rise=0.6 + synth:metal_ring dur=0.6 freq=500 clank=0.2,the khopesh bends,
sfx_wpn_rapier_swing,3,SFX/Weapons,SFX/Weapons,3d,0,L,none,synth:whoosh dur=0.18 f0=2500 f1=8000 q=4,a thin whip,
sfx_wpn_rapier_hit,2,SFX/Weapons,SFX/Weapons,3d,0,L,none,kenney:rpg-audio/knifeSlice* shift=1.3,a light hit,
sfx_wpn_rapier_snap,1,SFX/Weapons,SFX/Weapons,3d,0,L,low,synth:metal_ring dur=0.5 freq=2400 clank=1.5,it snaps clean,
sfx_wpn_blunt_swing,3,SFX/Weapons,SFX/Weapons,3d,0,L,low,synth:whoosh dur=0.5 f0=150 f1=1200 q=1.2,a heavy swing,
sfx_wpn_blunt_hit_armour,3,SFX/Weapons,SFX/Weapons,3d,0,L,high,kenney:impact-sounds/impactMetal_heavy_* + synth:metal_ring dur=1.5 freq=450 clank=0.8 gain=-4,a huge clang,
sfx_wpn_blunt_hit_flesh,2,SFX/Weapons,SFX/Weapons,3d,0,L,mid,kenney:impact-sounds/impactPunch_heavy_* shift=0.8,a thud,
sfx_wpn_blunt_hit_door,2,SFX/Weapons,SFX/Weapons,3d,0,L,high,kenney:impact-sounds/impactWood_heavy_* shift=0.8,a door battered,
sfx_wpn_shield_bash,2,SFX/Weapons,SFX/Weapons,3d,0,L,mid,kenney:impact-sounds/impactPlank_medium_* shift=0.8,a shield bash,
sfx_wpn_shield_block,3,SFX/Weapons,SFX/Weapons,3d,0,L,mid,kenney:impact-sounds/impactWood_medium_*,a blow blocked,
sfx_wpn_shield_arrow_thunk,3,SFX/Weapons,SFX/Weapons,3d,0,L,low,kenney:impact-sounds/impactWood_light_* shift=0.7,an arrow thunks into the shield,
sfx_wpn_shield_pavise_plant,1,SFX/Weapons,SFX/Weapons,3d,0,L,mid,kenney:impact-sounds/impactWood_heavy_* shift=0.6 + synth:thump dur=0.3 freq=60,a pavise slammed into the floor,
sfx_wpn_xbow_span_loop,1,SFX/Weapons,SFX/Weapons,3d,1,L,none,synth:creak dur=2.5 rate=14 pitch=700 rise=1.0 + synth:rattle dur=2.5 density=10 freq=1800,the long terrible pause,
sfx_wpn_xbow_loose,2,SFX/Weapons,SFX/Weapons,3d,0,L,none,synth:thump dur=0.25 freq=180 click=1.0 decay=25 + synth:metal_ring dur=0.4 freq=300 clank=0.2 gain=-8,the string loosed,
sfx_wpn_xbow_bolt_fly,1,SFX/Weapons,SFX/Weapons,3d,0,L,none,synth:whoosh dur=0.3 f0=3000 f1=1500 q=3,a bolt in flight,
sfx_wpn_xbow_bolt_hit_wood,2,SFX/Weapons,SFX/Weapons,3d,0,L,low,kenney:impact-sounds/impactWood_light_*,a bolt hits wood,
sfx_wpn_xbow_bolt_hit_stone,2,SFX/Weapons,SFX/Weapons,3d,0,L,low,kenney:impact-sounds/impactMining_* shift=1.3,a bolt hits stone,
sfx_wpn_xbow_bolt_hit_flesh,2,SFX/Weapons,SFX/Weapons,3d,0,L,low,kenney:impact-sounds/impactPunch_medium_*,a bolt hits flesh,
sfx_wpn_sling_whirl_loop,1,SFX/Weapons,SFX/Weapons,3d,1,L,none,synth:whoosh dur=0.35 f0=300 f1=900 q=1.5 attack=0.5,a cord whirled overhead,
sfx_wpn_sling_release,2,SFX/Weapons,SFX/Weapons,3d,0,L,none,synth:whoosh dur=0.2 f0=1500 f1=4000 + synth:tick dur=0.03 freq=600,the stone let fly,
sfx_wpn_sling_stone_hit,2,SFX/Weapons,SFX/Weapons,3d,0,L,low,kenney:impact-sounds/impactMining_*,a stone hits,
sfx_wpn_match_hiss_loop,1,SFX/Weapons,SFX/Weapons,3d,1,L,low,synth:hiss dur=3 low=2500 high=9000 flutter=7 + synth:crackle dur=3 density=10 body=0,a burning match-cord,
sfx_wpn_match_fire,3,SFX/Weapons,SFX/Weapons,3d,0,A,max,synth:gunshot dur=1.6 size=1.3,a matchlock or hand-cannon shot,"a medieval hand cannon firing, black powder boom with a deep rolling tail, 2 seconds"
sfx_wpn_match_tail_small,1,SFX/Weapons,SFX/Weapons,3d,0,L,none,synth:crumble dur=1.5 density=5 size=0.4 gain=-10,"echo tail, small room",
sfx_wpn_match_tail_large,1,SFX/Weapons,SFX/Weapons,3d,0,L,none,synth:explosion dur=3.5 size=0.6 gain=-14,"echo tail, big hall",
sfx_wpn_match_reload,1,SFX/Weapons,SFX/Weapons,3d,0,L,low,kenney:rpg-audio/metalClick* + kenney:rpg-audio/metalLatch* + synth:hiss dur=0.5 low=800 high=4000 decay=5 gain=-10,ramrod and powder,
sfx_wpn_match_flash_in_pan,1,SFX/Weapons,SFX/Weapons,3d,0,L,mid,synth:whumph dur=0.4 size=1.5 + synth:hiss dur=0.5 low=2000 high=8000 decay=6,it didn't fire,
sfx_wpn_wheellock_spin,1,SFX/Weapons,SFX/Weapons,3d,0,L,low,synth:rattle dur=0.3 density=120 freq=4000 spread=0.2,the wheel spins,
sfx_wpn_flint_click,1,SFX/Weapons,SFX/Weapons,3d,0,L,low,kenney:rpg-audio/metalClick*,flint strikes,
sfx_wpn_pistol_fire,3,SFX/Weapons,SFX/Weapons,3d,0,A,high,synth:gunshot dur=1.2 size=0.9,a pistol shot,"a 17th century flintlock pistol shot, sharp crack and smoke, 1.2 seconds"
sfx_wpn_pistol_reload,1,SFX/Weapons,SFX/Weapons,3d,0,L,low,kenney:rpg-audio/metalLatch* + kenney:rpg-audio/metalClick*,reloading a pistol,
sfx_wpn_ball_ricochet,3,SFX/Weapons,SFX/Weapons,3d,0,L,low,synth:whine dur=0.4 f0=3000 f1=1200 wobble=0 depth=0 + synth:tick dur=0.04 freq=3000,a ricochet,
sfx_wpn_ball_hit_flesh,2,SFX/Weapons,SFX/Weapons,3d,0,L,low,kenney:impact-sounds/impactPunch_medium_* shift=1.2,a ball hits a body,
sfx_wpn_ball_hit_stone,2,SFX/Weapons,SFX/Weapons,3d,0,L,low,kenney:impact-sounds/impactMining_* shift=1.4,a ball hits stone,
sfx_wpn_fuse_light,1,SFX/Weapons,SFX/Weapons,3d,0,L,low,synth:whumph dur=0.3 size=2 + synth:hiss dur=0.3 low=3000 high=9000,a fuse catches,
sfx_wpn_fuse_loop,1,SFX/Weapons,SFX/Weapons,3d,1,L,low,synth:hiss dur=2 low=3000 high=10000 flutter=12 + synth:crackle dur=2 density=40 body=0,a fizzing fuse,
sfx_wpn_explosion_small,2,SFX/Weapons,SFX/Weapons,3d,0,A,max,synth:explosion dur=2.5 size=0.8,a grenado bursts,"a small black powder grenade exploding in a stone room, 2.5 seconds"
sfx_wpn_explosion_large,2,SFX/Weapons,SFX/Weapons,3d,0,A,max,synth:explosion dur=4 size=1.6,a petard blows a door,"a large black powder petard blasting a heavy door apart, huge boom and debris, 4 seconds"
sfx_wpn_debris,2,SFX/Weapons,SFX/Weapons,3d,0,L,mid,synth:crumble dur=2 density=40 size=0.6,debris raining down,
sfx_wpn_caltrops_scatter,2,SFX/Weapons,SFX/Weapons,3d,0,L,low,kenney:casino-audio/chips-collide-* shift=0.8 + synth:rattle dur=0.5 density=40 freq=1500,caltrops flung,
sfx_wpn_caltrops_step_on,2,SFX/Weapons,SFX/Weapons,3d,0,L,low,synth:tick dur=0.05 freq=1400 noise=0.8 + kenney:impact-sounds/impactPunch_medium_* gain=-8,a caltrop stepped on,
sfx_wpn_equip,2,SFX/Weapons,SFX/Weapons,3d,0,L,low,kenney:rpg-audio/beltHandle*,a weapon taken up,
sfx_wpn_break,2,SFX/Weapons,SFX/Weapons,3d,0,L,low,synth:metal_ring dur=0.6 freq=1100 clank=1.2 + kenney:impact-sounds/impactWood_medium_*,a weapon breaks,
foley_gear_linen_move,4,Foley,SFX/Foley,3d,0,L,low,kenney:rpg-audio/cloth*,linen moving with the body,
foley_gear_leather_move,4,Foley,SFX/Foley,3d,0,L,low,kenney:rpg-audio/clothBelt* + kenney:rpg-audio/handleSmallLeather* gain=-6,leather moving with the body,
foley_gear_mail_move,4,Foley,SFX/Foley,3d,0,L,low,synth:rattle dur=0.4 density=60 freq=3500 + kenney:rpg-audio/cloth* gain=-6,mail moving with the body,
foley_gear_plate_move,4,Foley,SFX/Foley,3d,0,L,low,kenney:impact-sounds/impactPlate_light_* gain=-6 + synth:rattle dur=0.3 density=25 freq=1800,plate moving with the body,
foley_gear_bronze_plate_move,4,Foley,SFX/Foley,3d,0,L,low,kenney:impact-sounds/impactBell_heavy_* shift=1.6 gain=-12 + synth:rattle dur=0.3 density=15 freq=900,bronze plate moving with the body,
foley_step_hound,6,Foley,SFX/Foley,3d,0,L,low,synth:tick dur=0.05 freq=2500 noise=0.8 + synth:tick dur=0.05 freq=2300 noise=0.8,claws on stone,
sfx_enemy_dendra_boar_tusk_rattle,2,SFX/Enemies,SFX/Creatures,3d,0,L,low,synth:rattle dur=0.4 density=30 freq=1200 spread=0.3,a helmet of boar tusks clacking,
sfx_enemy_keeper_firepot_throw,2,SFX/Enemies,SFX/Creatures,3d,0,L,low,synth:whoosh dur=0.4 f0=300 f1=1500 + synth:crackle dur=0.4 density=40 body=0,a pot of fire thrown,
sfx_enemy_keeper_firepot_shatter,2,SFX/Enemies,SFX/Creatures,3d,0,A,high,synth:whumph dur=0.9 size=1.2 + kenney:impact-sounds/impactPlate_heavy_*,a clay pot of fire bursting,"a clay pot full of burning oil shattering and bursting into flame, 1.2 seconds"
amb_enemy_lantern_creak_loop,1,SFX/Enemies,SFX/Creatures,3d,1,L,none,synth:creak dur=2.5 rate=6 pitch=900 rise=1.1,a creaking lantern bail,
sfx_enemy_musket_rest_plant,1,SFX/Enemies,SFX/Creatures,3d,0,L,low,kenney:impact-sounds/impactPlank_medium_*,a musket fork planted,
sfx_enemy_petard_plant,1,SFX/Enemies,SFX/Creatures,3d,0,L,mid,kenney:impact-sounds/impactMetal_heavy_* shift=0.8,a bell of powder hammered onto a door,
vo_hound_pant_loop,1,VO/hound,SFX/Creatures,3d,1,L,none,synth:hound dur=2.0 kind=pant,Alaunt war-hound: pant loop,a large mastiff war dog pant
vo_hound_growl,3,VO/hound,SFX/Creatures,3d,0,L,low,synth:hound dur=1.0 kind=growl,Alaunt war-hound: growl,a large mastiff war dog growl
vo_hound_bark,4,VO/hound,SFX/Creatures,3d,0,L,high,synth:hound dur=0.35 kind=bark,Alaunt war-hound: bark,a large mastiff war dog bark
vo_hound_bite,3,VO/hound,SFX/Creatures,3d,0,L,low,synth:hound dur=0.3 kind=growl,Alaunt war-hound: bite,a large mastiff war dog bite
vo_hound_yelp,3,VO/hound,SFX/Creatures,3d,0,L,mid,synth:hound dur=0.3 kind=yelp,Alaunt war-hound: yelp,a large mastiff war dog yelp
vo_hound_howl,1,VO/hound,SFX/Creatures,3d,0,L,high,synth:hound dur=3.0 kind=howl,Alaunt war-hound: howl,a large mastiff war dog howl
vo_hound_whimper_grabbed,2,VO/hound,SFX/Creatures,3d,0,L,low,synth:hound dur=0.8 kind=yelp,Alaunt war-hound: whimper grabbed,a large mastiff war dog whimper grabbed
vo_bronze_levy_murmur,4,VO/bronze,SFX/Creatures,3d,0,R,none,synth:babble dur=2.0 pitch=130 mood=calm,levy (bronze): murmur (see Tools/AudioForge/vo/line-sheets/bronze.md),
vo_bronze_levy_alert,3,VO/bronze,SFX/Creatures,3d,0,R,mid,synth:babble dur=1.0 pitch=130 mood=alert,levy (bronze): alert (see Tools/AudioForge/vo/line-sheets/bronze.md),
vo_bronze_levy_chase,3,VO/bronze,SFX/Creatures,3d,0,R,high,synth:babble dur=1.2 pitch=130 mood=shout,levy (bronze): chase (see Tools/AudioForge/vo/line-sheets/bronze.md),
vo_bronze_levy_search,2,VO/bronze,SFX/Creatures,3d,0,R,low,synth:babble dur=1.4 pitch=130 mood=calm,levy (bronze): search (see Tools/AudioForge/vo/line-sheets/bronze.md),
vo_bronze_levy_lost,2,VO/bronze,SFX/Creatures,3d,0,R,low,synth:babble dur=0.9 pitch=130 mood=calm,levy (bronze): lost (see Tools/AudioForge/vo/line-sheets/bronze.md),
vo_bronze_levy_attack,3,VO/bronze,SFX/Creatures,3d,0,R,mid,synth:babble dur=0.4 pitch=130 mood=grunt,levy (bronze): attack (see Tools/AudioForge/vo/line-sheets/bronze.md),
vo_bronze_levy_hurt,3,VO/bronze,SFX/Creatures,3d,0,R,mid,synth:babble dur=0.5 pitch=130 mood=pain,levy (bronze): hurt (see Tools/AudioForge/vo/line-sheets/bronze.md),
vo_bronze_levy_death,2,VO/bronze,SFX/Creatures,3d,0,R,mid,synth:babble dur=1.0 pitch=130 mood=pain,levy (bronze): death (see Tools/AudioForge/vo/line-sheets/bronze.md),
vo_bronze_levy_asleep,2,VO/bronze,SFX/Creatures,3d,1,R,low,synth:snore dur=3.0 pitch=65,levy (bronze): asleep (see Tools/AudioForge/vo/line-sheets/bronze.md),
vo_bronze_levy_grabbed,3,VO/bronze,SFX/Creatures,3d,0,R,mid,synth:babble dur=1.0 pitch=130 mood=alert,levy (bronze): grabbed (see Tools/AudioForge/vo/line-sheets/bronze.md),
vo_bronze_levy_thrown,2,VO/bronze,SFX/Creatures,3d,0,R,mid,synth:babble dur=0.7 pitch=130 mood=shout,levy (bronze): thrown (see Tools/AudioForge/vo/line-sheets/bronze.md),
vo_bronze_slinger_murmur,4,VO/bronze,SFX/Creatures,3d,0,R,none,synth:babble dur=2.0 pitch=150 mood=calm,slinger (bronze): murmur (see Tools/AudioForge/vo/line-sheets/bronze.md),
vo_bronze_slinger_alert,3,VO/bronze,SFX/Creatures,3d,0,R,mid,synth:babble dur=1.0 pitch=150 mood=alert,slinger (bronze): alert (see Tools/AudioForge/vo/line-sheets/bronze.md),
vo_bronze_slinger_chase,3,VO/bronze,SFX/Creatures,3d,0,R,high,synth:babble dur=1.2 pitch=150 mood=shout,slinger (bronze): chase (see Tools/AudioForge/vo/line-sheets/bronze.md),
vo_bronze_slinger_search,2,VO/bronze,SFX/Creatures,3d,0,R,low,synth:babble dur=1.4 pitch=150 mood=calm,slinger (bronze): search (see Tools/AudioForge/vo/line-sheets/bronze.md),
vo_bronze_slinger_lost,2,VO/bronze,SFX/Creatures,3d,0,R,low,synth:babble dur=0.9 pitch=150 mood=calm,slinger (bronze): lost (see Tools/AudioForge/vo/line-sheets/bronze.md),
vo_bronze_slinger_attack,3,VO/bronze,SFX/Creatures,3d,0,R,mid,synth:babble dur=0.4 pitch=150 mood=grunt,slinger (bronze): attack (see Tools/AudioForge/vo/line-sheets/bronze.md),
vo_bronze_slinger_hurt,3,VO/bronze,SFX/Creatures,3d,0,R,mid,synth:babble dur=0.5 pitch=150 mood=pain,slinger (bronze): hurt (see Tools/AudioForge/vo/line-sheets/bronze.md),
vo_bronze_slinger_death,2,VO/bronze,SFX/Creatures,3d,0,R,mid,synth:babble dur=1.0 pitch=150 mood=pain,slinger (bronze): death (see Tools/AudioForge/vo/line-sheets/bronze.md),
vo_bronze_slinger_asleep,2,VO/bronze,SFX/Creatures,3d,1,R,low,synth:snore dur=3.0 pitch=75,slinger (bronze): asleep (see Tools/AudioForge/vo/line-sheets/bronze.md),
vo_bronze_slinger_grabbed,3,VO/bronze,SFX/Creatures,3d,0,R,mid,synth:babble dur=1.0 pitch=150 mood=alert,slinger (bronze): grabbed (see Tools/AudioForge/vo/line-sheets/bronze.md),
vo_bronze_slinger_thrown,2,VO/bronze,SFX/Creatures,3d,0,R,mid,synth:babble dur=0.7 pitch=150 mood=shout,slinger (bronze): thrown (see Tools/AudioForge/vo/line-sheets/bronze.md),
vo_bronze_champion_murmur,4,VO/bronze,SFX/Creatures,3d,0,R,none,synth:babble dur=2.0 pitch=95 mood=calm,champion (bronze): murmur (see Tools/AudioForge/vo/line-sheets/bronze.md),
vo_bronze_champion_alert,3,VO/bronze,SFX/Creatures,3d,0,R,mid,synth:babble dur=1.0 pitch=95 mood=alert,champion (bronze): alert (see Tools/AudioForge/vo/line-sheets/bronze.md),
vo_bronze_champion_chase,3,VO/bronze,SFX/Creatures,3d,0,R,high,synth:babble dur=1.2 pitch=95 mood=shout,champion (bronze): chase (see Tools/AudioForge/vo/line-sheets/bronze.md),
vo_bronze_champion_search,2,VO/bronze,SFX/Creatures,3d,0,R,low,synth:babble dur=1.4 pitch=95 mood=calm,champion (bronze): search (see Tools/AudioForge/vo/line-sheets/bronze.md),
vo_bronze_champion_lost,2,VO/bronze,SFX/Creatures,3d,0,R,low,synth:babble dur=0.9 pitch=95 mood=calm,champion (bronze): lost (see Tools/AudioForge/vo/line-sheets/bronze.md),
vo_bronze_champion_attack,3,VO/bronze,SFX/Creatures,3d,0,R,mid,synth:babble dur=0.4 pitch=95 mood=grunt,champion (bronze): attack (see Tools/AudioForge/vo/line-sheets/bronze.md),
vo_bronze_champion_hurt,3,VO/bronze,SFX/Creatures,3d,0,R,mid,synth:babble dur=0.5 pitch=95 mood=pain,champion (bronze): hurt (see Tools/AudioForge/vo/line-sheets/bronze.md),
vo_bronze_champion_death,2,VO/bronze,SFX/Creatures,3d,0,R,mid,synth:babble dur=1.0 pitch=95 mood=pain,champion (bronze): death (see Tools/AudioForge/vo/line-sheets/bronze.md),
vo_bronze_champion_asleep,2,VO/bronze,SFX/Creatures,3d,1,R,low,synth:snore dur=3.0 pitch=48,champion (bronze): asleep (see Tools/AudioForge/vo/line-sheets/bronze.md),
vo_bronze_champion_grabbed,3,VO/bronze,SFX/Creatures,3d,0,R,mid,synth:babble dur=1.0 pitch=95 mood=alert,champion (bronze): grabbed (see Tools/AudioForge/vo/line-sheets/bronze.md),
vo_bronze_champion_thrown,2,VO/bronze,SFX/Creatures,3d,0,R,mid,synth:babble dur=0.7 pitch=95 mood=shout,champion (bronze): thrown (see Tools/AudioForge/vo/line-sheets/bronze.md),
vo_bronze_keeper_murmur,4,VO/bronze,SFX/Creatures,3d,0,R,none,synth:babble dur=2.0 pitch=115 mood=calm,keeper (bronze): murmur (see Tools/AudioForge/vo/line-sheets/bronze.md),
vo_bronze_keeper_alert,3,VO/bronze,SFX/Creatures,3d,0,R,mid,synth:babble dur=1.0 pitch=115 mood=alert,keeper (bronze): alert (see Tools/AudioForge/vo/line-sheets/bronze.md),
vo_bronze_keeper_chase,3,VO/bronze,SFX/Creatures,3d,0,R,high,synth:babble dur=1.2 pitch=115 mood=shout,keeper (bronze): chase (see Tools/AudioForge/vo/line-sheets/bronze.md),
vo_bronze_keeper_search,2,VO/bronze,SFX/Creatures,3d,0,R,low,synth:babble dur=1.4 pitch=115 mood=calm,keeper (bronze): search (see Tools/AudioForge/vo/line-sheets/bronze.md),
vo_bronze_keeper_lost,2,VO/bronze,SFX/Creatures,3d,0,R,low,synth:babble dur=0.9 pitch=115 mood=calm,keeper (bronze): lost (see Tools/AudioForge/vo/line-sheets/bronze.md),
vo_bronze_keeper_attack,3,VO/bronze,SFX/Creatures,3d,0,R,mid,synth:babble dur=0.4 pitch=115 mood=grunt,keeper (bronze): attack (see Tools/AudioForge/vo/line-sheets/bronze.md),
vo_bronze_keeper_hurt,3,VO/bronze,SFX/Creatures,3d,0,R,mid,synth:babble dur=0.5 pitch=115 mood=pain,keeper (bronze): hurt (see Tools/AudioForge/vo/line-sheets/bronze.md),
vo_bronze_keeper_death,2,VO/bronze,SFX/Creatures,3d,0,R,mid,synth:babble dur=1.0 pitch=115 mood=pain,keeper (bronze): death (see Tools/AudioForge/vo/line-sheets/bronze.md),
vo_bronze_keeper_asleep,2,VO/bronze,SFX/Creatures,3d,1,R,low,synth:snore dur=3.0 pitch=58,keeper (bronze): asleep (see Tools/AudioForge/vo/line-sheets/bronze.md),
vo_bronze_keeper_grabbed,3,VO/bronze,SFX/Creatures,3d,0,R,mid,synth:babble dur=1.0 pitch=115 mood=alert,keeper (bronze): grabbed (see Tools/AudioForge/vo/line-sheets/bronze.md),
vo_bronze_keeper_thrown,2,VO/bronze,SFX/Creatures,3d,0,R,mid,synth:babble dur=0.7 pitch=115 mood=shout,keeper (bronze): thrown (see Tools/AudioForge/vo/line-sheets/bronze.md),
vo_high_warden_murmur,4,VO/high,SFX/Creatures,3d,0,R,none,synth:babble dur=2.0 pitch=120 mood=calm,warden (high): murmur (see Tools/AudioForge/vo/line-sheets/high.md),
vo_high_warden_alert,3,VO/high,SFX/Creatures,3d,0,R,mid,synth:babble dur=1.0 pitch=120 mood=alert,warden (high): alert (see Tools/AudioForge/vo/line-sheets/high.md),
vo_high_warden_chase,3,VO/high,SFX/Creatures,3d,0,R,high,synth:babble dur=1.2 pitch=120 mood=shout,warden (high): chase (see Tools/AudioForge/vo/line-sheets/high.md),
vo_high_warden_search,2,VO/high,SFX/Creatures,3d,0,R,low,synth:babble dur=1.4 pitch=120 mood=calm,warden (high): search (see Tools/AudioForge/vo/line-sheets/high.md),
vo_high_warden_lost,2,VO/high,SFX/Creatures,3d,0,R,low,synth:babble dur=0.9 pitch=120 mood=calm,warden (high): lost (see Tools/AudioForge/vo/line-sheets/high.md),
vo_high_warden_attack,3,VO/high,SFX/Creatures,3d,0,R,mid,synth:babble dur=0.4 pitch=120 mood=grunt,warden (high): attack (see Tools/AudioForge/vo/line-sheets/high.md),
vo_high_warden_hurt,3,VO/high,SFX/Creatures,3d,0,R,mid,synth:babble dur=0.5 pitch=120 mood=pain,warden (high): hurt (see Tools/AudioForge/vo/line-sheets/high.md),
vo_high_warden_death,2,VO/high,SFX/Creatures,3d,0,R,mid,synth:babble dur=1.0 pitch=120 mood=pain,warden (high): death (see Tools/AudioForge/vo/line-sheets/high.md),
vo_high_warden_asleep,2,VO/high,SFX/Creatures,3d,1,R,low,synth:snore dur=3.0 pitch=60,warden (high): asleep (see Tools/AudioForge/vo/line-sheets/high.md),
vo_high_warden_grabbed,3,VO/high,SFX/Creatures,3d,0,R,mid,synth:babble dur=1.0 pitch=120 mood=alert,warden (high): grabbed (see Tools/AudioForge/vo/line-sheets/high.md),
vo_high_warden_thrown,2,VO/high,SFX/Creatures,3d,0,R,mid,synth:babble dur=0.7 pitch=120 mood=shout,warden (high): thrown (see Tools/AudioForge/vo/line-sheets/high.md),
vo_high_crossbowman_murmur,4,VO/high,SFX/Creatures,3d,0,R,none,synth:babble dur=2.0 pitch=140 mood=calm,crossbowman (high): murmur (see Tools/AudioForge/vo/line-sheets/high.md),
vo_high_crossbowman_alert,3,VO/high,SFX/Creatures,3d,0,R,mid,synth:babble dur=1.0 pitch=140 mood=alert,crossbowman (high): alert (see Tools/AudioForge/vo/line-sheets/high.md),
vo_high_crossbowman_chase,3,VO/high,SFX/Creatures,3d,0,R,high,synth:babble dur=1.2 pitch=140 mood=shout,crossbowman (high): chase (see Tools/AudioForge/vo/line-sheets/high.md),
vo_high_crossbowman_search,2,VO/high,SFX/Creatures,3d,0,R,low,synth:babble dur=1.4 pitch=140 mood=calm,crossbowman (high): search (see Tools/AudioForge/vo/line-sheets/high.md),
vo_high_crossbowman_lost,2,VO/high,SFX/Creatures,3d,0,R,low,synth:babble dur=0.9 pitch=140 mood=calm,crossbowman (high): lost (see Tools/AudioForge/vo/line-sheets/high.md),
vo_high_crossbowman_attack,3,VO/high,SFX/Creatures,3d,0,R,mid,synth:babble dur=0.4 pitch=140 mood=grunt,crossbowman (high): attack (see Tools/AudioForge/vo/line-sheets/high.md),
vo_high_crossbowman_hurt,3,VO/high,SFX/Creatures,3d,0,R,mid,synth:babble dur=0.5 pitch=140 mood=pain,crossbowman (high): hurt (see Tools/AudioForge/vo/line-sheets/high.md),
vo_high_crossbowman_death,2,VO/high,SFX/Creatures,3d,0,R,mid,synth:babble dur=1.0 pitch=140 mood=pain,crossbowman (high): death (see Tools/AudioForge/vo/line-sheets/high.md),
vo_high_crossbowman_asleep,2,VO/high,SFX/Creatures,3d,1,R,low,synth:snore dur=3.0 pitch=70,crossbowman (high): asleep (see Tools/AudioForge/vo/line-sheets/high.md),
vo_high_crossbowman_grabbed,3,VO/high,SFX/Creatures,3d,0,R,mid,synth:babble dur=1.0 pitch=140 mood=alert,crossbowman (high): grabbed (see Tools/AudioForge/vo/line-sheets/high.md),
vo_high_crossbowman_thrown,2,VO/high,SFX/Creatures,3d,0,R,mid,synth:babble dur=0.7 pitch=140 mood=shout,crossbowman (high): thrown (see Tools/AudioForge/vo/line-sheets/high.md),
vo_high_knight_murmur,4,VO/high,SFX/Creatures,3d,0,R,none,synth:babble dur=2.0 pitch=100 mood=calm,knight (high): murmur (see Tools/AudioForge/vo/line-sheets/high.md),
vo_high_knight_alert,3,VO/high,SFX/Creatures,3d,0,R,mid,synth:babble dur=1.0 pitch=100 mood=alert,knight (high): alert (see Tools/AudioForge/vo/line-sheets/high.md),
vo_high_knight_chase,3,VO/high,SFX/Creatures,3d,0,R,high,synth:babble dur=1.2 pitch=100 mood=shout,knight (high): chase (see Tools/AudioForge/vo/line-sheets/high.md),
vo_high_knight_search,2,VO/high,SFX/Creatures,3d,0,R,low,synth:babble dur=1.4 pitch=100 mood=calm,knight (high): search (see Tools/AudioForge/vo/line-sheets/high.md),
vo_high_knight_lost,2,VO/high,SFX/Creatures,3d,0,R,low,synth:babble dur=0.9 pitch=100 mood=calm,knight (high): lost (see Tools/AudioForge/vo/line-sheets/high.md),
vo_high_knight_attack,3,VO/high,SFX/Creatures,3d,0,R,mid,synth:babble dur=0.4 pitch=100 mood=grunt,knight (high): attack (see Tools/AudioForge/vo/line-sheets/high.md),
vo_high_knight_hurt,3,VO/high,SFX/Creatures,3d,0,R,mid,synth:babble dur=0.5 pitch=100 mood=pain,knight (high): hurt (see Tools/AudioForge/vo/line-sheets/high.md),
vo_high_knight_death,2,VO/high,SFX/Creatures,3d,0,R,mid,synth:babble dur=1.0 pitch=100 mood=pain,knight (high): death (see Tools/AudioForge/vo/line-sheets/high.md),
vo_high_knight_asleep,2,VO/high,SFX/Creatures,3d,1,R,low,synth:snore dur=3.0 pitch=50,knight (high): asleep (see Tools/AudioForge/vo/line-sheets/high.md),
vo_high_knight_grabbed,3,VO/high,SFX/Creatures,3d,0,R,mid,synth:babble dur=1.0 pitch=100 mood=alert,knight (high): grabbed (see Tools/AudioForge/vo/line-sheets/high.md),
vo_high_knight_thrown,2,VO/high,SFX/Creatures,3d,0,R,mid,synth:babble dur=0.7 pitch=100 mood=shout,knight (high): thrown (see Tools/AudioForge/vo/line-sheets/high.md),
vo_late_halberdier_murmur,4,VO/late,SFX/Creatures,3d,0,R,none,synth:babble dur=2.0 pitch=125 mood=calm,halberdier (late): murmur (see Tools/AudioForge/vo/line-sheets/late.md),
vo_late_halberdier_alert,3,VO/late,SFX/Creatures,3d,0,R,mid,synth:babble dur=1.0 pitch=125 mood=alert,halberdier (late): alert (see Tools/AudioForge/vo/line-sheets/late.md),
vo_late_halberdier_chase,3,VO/late,SFX/Creatures,3d,0,R,high,synth:babble dur=1.2 pitch=125 mood=shout,halberdier (late): chase (see Tools/AudioForge/vo/line-sheets/late.md),
vo_late_halberdier_search,2,VO/late,SFX/Creatures,3d,0,R,low,synth:babble dur=1.4 pitch=125 mood=calm,halberdier (late): search (see Tools/AudioForge/vo/line-sheets/late.md),
vo_late_halberdier_lost,2,VO/late,SFX/Creatures,3d,0,R,low,synth:babble dur=0.9 pitch=125 mood=calm,halberdier (late): lost (see Tools/AudioForge/vo/line-sheets/late.md),
vo_late_halberdier_attack,3,VO/late,SFX/Creatures,3d,0,R,mid,synth:babble dur=0.4 pitch=125 mood=grunt,halberdier (late): attack (see Tools/AudioForge/vo/line-sheets/late.md),
vo_late_halberdier_hurt,3,VO/late,SFX/Creatures,3d,0,R,mid,synth:babble dur=0.5 pitch=125 mood=pain,halberdier (late): hurt (see Tools/AudioForge/vo/line-sheets/late.md),
vo_late_halberdier_death,2,VO/late,SFX/Creatures,3d,0,R,mid,synth:babble dur=1.0 pitch=125 mood=pain,halberdier (late): death (see Tools/AudioForge/vo/line-sheets/late.md),
vo_late_halberdier_asleep,2,VO/late,SFX/Creatures,3d,1,R,low,synth:snore dur=3.0 pitch=62,halberdier (late): asleep (see Tools/AudioForge/vo/line-sheets/late.md),
vo_late_halberdier_grabbed,3,VO/late,SFX/Creatures,3d,0,R,mid,synth:babble dur=1.0 pitch=125 mood=alert,halberdier (late): grabbed (see Tools/AudioForge/vo/line-sheets/late.md),
vo_late_halberdier_thrown,2,VO/late,SFX/Creatures,3d,0,R,mid,synth:babble dur=0.7 pitch=125 mood=shout,halberdier (late): thrown (see Tools/AudioForge/vo/line-sheets/late.md),
vo_late_handgunner_murmur,4,VO/late,SFX/Creatures,3d,0,R,none,synth:babble dur=2.0 pitch=145 mood=calm,handgunner (late): murmur (see Tools/AudioForge/vo/line-sheets/late.md),
vo_late_handgunner_alert,3,VO/late,SFX/Creatures,3d,0,R,mid,synth:babble dur=1.0 pitch=145 mood=alert,handgunner (late): alert (see Tools/AudioForge/vo/line-sheets/late.md),
vo_late_handgunner_chase,3,VO/late,SFX/Creatures,3d,0,R,high,synth:babble dur=1.2 pitch=145 mood=shout,handgunner (late): chase (see Tools/AudioForge/vo/line-sheets/late.md),
vo_late_handgunner_search,2,VO/late,SFX/Creatures,3d,0,R,low,synth:babble dur=1.4 pitch=145 mood=calm,handgunner (late): search (see Tools/AudioForge/vo/line-sheets/late.md),
vo_late_handgunner_lost,2,VO/late,SFX/Creatures,3d,0,R,low,synth:babble dur=0.9 pitch=145 mood=calm,handgunner (late): lost (see Tools/AudioForge/vo/line-sheets/late.md),
vo_late_handgunner_attack,3,VO/late,SFX/Creatures,3d,0,R,mid,synth:babble dur=0.4 pitch=145 mood=grunt,handgunner (late): attack (see Tools/AudioForge/vo/line-sheets/late.md),
vo_late_handgunner_hurt,3,VO/late,SFX/Creatures,3d,0,R,mid,synth:babble dur=0.5 pitch=145 mood=pain,handgunner (late): hurt (see Tools/AudioForge/vo/line-sheets/late.md),
vo_late_handgunner_death,2,VO/late,SFX/Creatures,3d,0,R,mid,synth:babble dur=1.0 pitch=145 mood=pain,handgunner (late): death (see Tools/AudioForge/vo/line-sheets/late.md),
vo_late_handgunner_asleep,2,VO/late,SFX/Creatures,3d,1,R,low,synth:snore dur=3.0 pitch=72,handgunner (late): asleep (see Tools/AudioForge/vo/line-sheets/late.md),
vo_late_handgunner_grabbed,3,VO/late,SFX/Creatures,3d,0,R,mid,synth:babble dur=1.0 pitch=145 mood=alert,handgunner (late): grabbed (see Tools/AudioForge/vo/line-sheets/late.md),
vo_late_handgunner_thrown,2,VO/late,SFX/Creatures,3d,0,R,mid,synth:babble dur=0.7 pitch=145 mood=shout,handgunner (late): thrown (see Tools/AudioForge/vo/line-sheets/late.md),
vo_late_manatarms_murmur,4,VO/late,SFX/Creatures,3d,0,R,none,synth:babble dur=2.0 pitch=98 mood=calm,manatarms (late): murmur (see Tools/AudioForge/vo/line-sheets/late.md),
vo_late_manatarms_alert,3,VO/late,SFX/Creatures,3d,0,R,mid,synth:babble dur=1.0 pitch=98 mood=alert,manatarms (late): alert (see Tools/AudioForge/vo/line-sheets/late.md),
vo_late_manatarms_chase,3,VO/late,SFX/Creatures,3d,0,R,high,synth:babble dur=1.2 pitch=98 mood=shout,manatarms (late): chase (see Tools/AudioForge/vo/line-sheets/late.md),
vo_late_manatarms_search,2,VO/late,SFX/Creatures,3d,0,R,low,synth:babble dur=1.4 pitch=98 mood=calm,manatarms (late): search (see Tools/AudioForge/vo/line-sheets/late.md),
vo_late_manatarms_lost,2,VO/late,SFX/Creatures,3d,0,R,low,synth:babble dur=0.9 pitch=98 mood=calm,manatarms (late): lost (see Tools/AudioForge/vo/line-sheets/late.md),
vo_late_manatarms_attack,3,VO/late,SFX/Creatures,3d,0,R,mid,synth:babble dur=0.4 pitch=98 mood=grunt,manatarms (late): attack (see Tools/AudioForge/vo/line-sheets/late.md),
vo_late_manatarms_hurt,3,VO/late,SFX/Creatures,3d,0,R,mid,synth:babble dur=0.5 pitch=98 mood=pain,manatarms (late): hurt (see Tools/AudioForge/vo/line-sheets/late.md),
vo_late_manatarms_death,2,VO/late,SFX/Creatures,3d,0,R,mid,synth:babble dur=1.0 pitch=98 mood=pain,manatarms (late): death (see Tools/AudioForge/vo/line-sheets/late.md),
vo_late_manatarms_asleep,2,VO/late,SFX/Creatures,3d,1,R,low,synth:snore dur=3.0 pitch=49,manatarms (late): asleep (see Tools/AudioForge/vo/line-sheets/late.md),
vo_late_manatarms_grabbed,3,VO/late,SFX/Creatures,3d,0,R,mid,synth:babble dur=1.0 pitch=98 mood=alert,manatarms (late): grabbed (see Tools/AudioForge/vo/line-sheets/late.md),
vo_late_manatarms_thrown,2,VO/late,SFX/Creatures,3d,0,R,mid,synth:babble dur=0.7 pitch=98 mood=shout,manatarms (late): thrown (see Tools/AudioForge/vo/line-sheets/late.md),
vo_late_pavisier_murmur,4,VO/late,SFX/Creatures,3d,0,R,none,synth:babble dur=2.0 pitch=135 mood=calm,pavisier (late): murmur (see Tools/AudioForge/vo/line-sheets/late.md),
vo_late_pavisier_alert,3,VO/late,SFX/Creatures,3d,0,R,mid,synth:babble dur=1.0 pitch=135 mood=alert,pavisier (late): alert (see Tools/AudioForge/vo/line-sheets/late.md),
vo_late_pavisier_chase,3,VO/late,SFX/Creatures,3d,0,R,high,synth:babble dur=1.2 pitch=135 mood=shout,pavisier (late): chase (see Tools/AudioForge/vo/line-sheets/late.md),
vo_late_pavisier_search,2,VO/late,SFX/Creatures,3d,0,R,low,synth:babble dur=1.4 pitch=135 mood=calm,pavisier (late): search (see Tools/AudioForge/vo/line-sheets/late.md),
vo_late_pavisier_lost,2,VO/late,SFX/Creatures,3d,0,R,low,synth:babble dur=0.9 pitch=135 mood=calm,pavisier (late): lost (see Tools/AudioForge/vo/line-sheets/late.md),
vo_late_pavisier_attack,3,VO/late,SFX/Creatures,3d,0,R,mid,synth:babble dur=0.4 pitch=135 mood=grunt,pavisier (late): attack (see Tools/AudioForge/vo/line-sheets/late.md),
vo_late_pavisier_hurt,3,VO/late,SFX/Creatures,3d,0,R,mid,synth:babble dur=0.5 pitch=135 mood=pain,pavisier (late): hurt (see Tools/AudioForge/vo/line-sheets/late.md),
vo_late_pavisier_death,2,VO/late,SFX/Creatures,3d,0,R,mid,synth:babble dur=1.0 pitch=135 mood=pain,pavisier (late): death (see Tools/AudioForge/vo/line-sheets/late.md),
vo_late_pavisier_asleep,2,VO/late,SFX/Creatures,3d,1,R,low,synth:snore dur=3.0 pitch=68,pavisier (late): asleep (see Tools/AudioForge/vo/line-sheets/late.md),
vo_late_pavisier_grabbed,3,VO/late,SFX/Creatures,3d,0,R,mid,synth:babble dur=1.0 pitch=135 mood=alert,pavisier (late): grabbed (see Tools/AudioForge/vo/line-sheets/late.md),
vo_late_pavisier_thrown,2,VO/late,SFX/Creatures,3d,0,R,mid,synth:babble dur=0.7 pitch=135 mood=shout,pavisier (late): thrown (see Tools/AudioForge/vo/line-sheets/late.md),
vo_powder_guard_murmur,4,VO/powder,SFX/Creatures,3d,0,R,none,synth:babble dur=2.0 pitch=128 mood=calm,guard (powder): murmur (see Tools/AudioForge/vo/line-sheets/powder.md),
vo_powder_guard_alert,3,VO/powder,SFX/Creatures,3d,0,R,mid,synth:babble dur=1.0 pitch=128 mood=alert,guard (powder): alert (see Tools/AudioForge/vo/line-sheets/powder.md),
vo_powder_guard_chase,3,VO/powder,SFX/Creatures,3d,0,R,high,synth:babble dur=1.2 pitch=128 mood=shout,guard (powder): chase (see Tools/AudioForge/vo/line-sheets/powder.md),
vo_powder_guard_search,2,VO/powder,SFX/Creatures,3d,0,R,low,synth:babble dur=1.4 pitch=128 mood=calm,guard (powder): search (see Tools/AudioForge/vo/line-sheets/powder.md),
vo_powder_guard_lost,2,VO/powder,SFX/Creatures,3d,0,R,low,synth:babble dur=0.9 pitch=128 mood=calm,guard (powder): lost (see Tools/AudioForge/vo/line-sheets/powder.md),
vo_powder_guard_attack,3,VO/powder,SFX/Creatures,3d,0,R,mid,synth:babble dur=0.4 pitch=128 mood=grunt,guard (powder): attack (see Tools/AudioForge/vo/line-sheets/powder.md),
vo_powder_guard_hurt,3,VO/powder,SFX/Creatures,3d,0,R,mid,synth:babble dur=0.5 pitch=128 mood=pain,guard (powder): hurt (see Tools/AudioForge/vo/line-sheets/powder.md),
vo_powder_guard_death,2,VO/powder,SFX/Creatures,3d,0,R,mid,synth:babble dur=1.0 pitch=128 mood=pain,guard (powder): death (see Tools/AudioForge/vo/line-sheets/powder.md),
vo_powder_guard_asleep,2,VO/powder,SFX/Creatures,3d,1,R,low,synth:snore dur=3.0 pitch=64,guard (powder): asleep (see Tools/AudioForge/vo/line-sheets/powder.md),
vo_powder_guard_grabbed,3,VO/powder,SFX/Creatures,3d,0,R,mid,synth:babble dur=1.0 pitch=128 mood=alert,guard (powder): grabbed (see Tools/AudioForge/vo/line-sheets/powder.md),
vo_powder_guard_thrown,2,VO/powder,SFX/Creatures,3d,0,R,mid,synth:babble dur=0.7 pitch=128 mood=shout,guard (powder): thrown (see Tools/AudioForge/vo/line-sheets/powder.md),
vo_powder_musketeer_murmur,4,VO/powder,SFX/Creatures,3d,0,R,none,synth:babble dur=2.0 pitch=150 mood=calm,musketeer (powder): murmur (see Tools/AudioForge/vo/line-sheets/powder.md),
vo_powder_musketeer_alert,3,VO/powder,SFX/Creatures,3d,0,R,mid,synth:babble dur=1.0 pitch=150 mood=alert,musketeer (powder): alert (see Tools/AudioForge/vo/line-sheets/powder.md),
vo_powder_musketeer_chase,3,VO/powder,SFX/Creatures,3d,0,R,high,synth:babble dur=1.2 pitch=150 mood=shout,musketeer (powder): chase (see Tools/AudioForge/vo/line-sheets/powder.md),
vo_powder_musketeer_search,2,VO/powder,SFX/Creatures,3d,0,R,low,synth:babble dur=1.4 pitch=150 mood=calm,musketeer (powder): search (see Tools/AudioForge/vo/line-sheets/powder.md),
vo_powder_musketeer_lost,2,VO/powder,SFX/Creatures,3d,0,R,low,synth:babble dur=0.9 pitch=150 mood=calm,musketeer (powder): lost (see Tools/AudioForge/vo/line-sheets/powder.md),
vo_powder_musketeer_attack,3,VO/powder,SFX/Creatures,3d,0,R,mid,synth:babble dur=0.4 pitch=150 mood=grunt,musketeer (powder): attack (see Tools/AudioForge/vo/line-sheets/powder.md),
vo_powder_musketeer_hurt,3,VO/powder,SFX/Creatures,3d,0,R,mid,synth:babble dur=0.5 pitch=150 mood=pain,musketeer (powder): hurt (see Tools/AudioForge/vo/line-sheets/powder.md),
vo_powder_musketeer_death,2,VO/powder,SFX/Creatures,3d,0,R,mid,synth:babble dur=1.0 pitch=150 mood=pain,musketeer (powder): death (see Tools/AudioForge/vo/line-sheets/powder.md),
vo_powder_musketeer_asleep,2,VO/powder,SFX/Creatures,3d,1,R,low,synth:snore dur=3.0 pitch=75,musketeer (powder): asleep (see Tools/AudioForge/vo/line-sheets/powder.md),
vo_powder_musketeer_grabbed,3,VO/powder,SFX/Creatures,3d,0,R,mid,synth:babble dur=1.0 pitch=150 mood=alert,musketeer (powder): grabbed (see Tools/AudioForge/vo/line-sheets/powder.md),
vo_powder_musketeer_thrown,2,VO/powder,SFX/Creatures,3d,0,R,mid,synth:babble dur=0.7 pitch=150 mood=shout,musketeer (powder): thrown (see Tools/AudioForge/vo/line-sheets/powder.md),
vo_powder_cuirassier_murmur,4,VO/powder,SFX/Creatures,3d,0,R,none,synth:babble dur=2.0 pitch=92 mood=calm,cuirassier (powder): murmur (see Tools/AudioForge/vo/line-sheets/powder.md),
vo_powder_cuirassier_alert,3,VO/powder,SFX/Creatures,3d,0,R,mid,synth:babble dur=1.0 pitch=92 mood=alert,cuirassier (powder): alert (see Tools/AudioForge/vo/line-sheets/powder.md),
vo_powder_cuirassier_chase,3,VO/powder,SFX/Creatures,3d,0,R,high,synth:babble dur=1.2 pitch=92 mood=shout,cuirassier (powder): chase (see Tools/AudioForge/vo/line-sheets/powder.md),
vo_powder_cuirassier_search,2,VO/powder,SFX/Creatures,3d,0,R,low,synth:babble dur=1.4 pitch=92 mood=calm,cuirassier (powder): search (see Tools/AudioForge/vo/line-sheets/powder.md),
vo_powder_cuirassier_lost,2,VO/powder,SFX/Creatures,3d,0,R,low,synth:babble dur=0.9 pitch=92 mood=calm,cuirassier (powder): lost (see Tools/AudioForge/vo/line-sheets/powder.md),
vo_powder_cuirassier_attack,3,VO/powder,SFX/Creatures,3d,0,R,mid,synth:babble dur=0.4 pitch=92 mood=grunt,cuirassier (powder): attack (see Tools/AudioForge/vo/line-sheets/powder.md),
vo_powder_cuirassier_hurt,3,VO/powder,SFX/Creatures,3d,0,R,mid,synth:babble dur=0.5 pitch=92 mood=pain,cuirassier (powder): hurt (see Tools/AudioForge/vo/line-sheets/powder.md),
vo_powder_cuirassier_death,2,VO/powder,SFX/Creatures,3d,0,R,mid,synth:babble dur=1.0 pitch=92 mood=pain,cuirassier (powder): death (see Tools/AudioForge/vo/line-sheets/powder.md),
vo_powder_cuirassier_asleep,2,VO/powder,SFX/Creatures,3d,1,R,low,synth:snore dur=3.0 pitch=46,cuirassier (powder): asleep (see Tools/AudioForge/vo/line-sheets/powder.md),
vo_powder_cuirassier_grabbed,3,VO/powder,SFX/Creatures,3d,0,R,mid,synth:babble dur=1.0 pitch=92 mood=alert,cuirassier (powder): grabbed (see Tools/AudioForge/vo/line-sheets/powder.md),
vo_powder_cuirassier_thrown,2,VO/powder,SFX/Creatures,3d,0,R,mid,synth:babble dur=0.7 pitch=92 mood=shout,cuirassier (powder): thrown (see Tools/AudioForge/vo/line-sheets/powder.md),
vo_powder_petardier_murmur,4,VO/powder,SFX/Creatures,3d,0,R,none,synth:babble dur=2.0 pitch=140 mood=calm,petardier (powder): murmur (see Tools/AudioForge/vo/line-sheets/powder.md),
vo_powder_petardier_alert,3,VO/powder,SFX/Creatures,3d,0,R,mid,synth:babble dur=1.0 pitch=140 mood=alert,petardier (powder): alert (see Tools/AudioForge/vo/line-sheets/powder.md),
vo_powder_petardier_chase,3,VO/powder,SFX/Creatures,3d,0,R,high,synth:babble dur=1.2 pitch=140 mood=shout,petardier (powder): chase (see Tools/AudioForge/vo/line-sheets/powder.md),
vo_powder_petardier_search,2,VO/powder,SFX/Creatures,3d,0,R,low,synth:babble dur=1.4 pitch=140 mood=calm,petardier (powder): search (see Tools/AudioForge/vo/line-sheets/powder.md),
vo_powder_petardier_lost,2,VO/powder,SFX/Creatures,3d,0,R,low,synth:babble dur=0.9 pitch=140 mood=calm,petardier (powder): lost (see Tools/AudioForge/vo/line-sheets/powder.md),
vo_powder_petardier_attack,3,VO/powder,SFX/Creatures,3d,0,R,mid,synth:babble dur=0.4 pitch=140 mood=grunt,petardier (powder): attack (see Tools/AudioForge/vo/line-sheets/powder.md),
vo_powder_petardier_hurt,3,VO/powder,SFX/Creatures,3d,0,R,mid,synth:babble dur=0.5 pitch=140 mood=pain,petardier (powder): hurt (see Tools/AudioForge/vo/line-sheets/powder.md),
vo_powder_petardier_death,2,VO/powder,SFX/Creatures,3d,0,R,mid,synth:babble dur=1.0 pitch=140 mood=pain,petardier (powder): death (see Tools/AudioForge/vo/line-sheets/powder.md),
vo_powder_petardier_asleep,2,VO/powder,SFX/Creatures,3d,1,R,low,synth:snore dur=3.0 pitch=70,petardier (powder): asleep (see Tools/AudioForge/vo/line-sheets/powder.md),
vo_powder_petardier_grabbed,3,VO/powder,SFX/Creatures,3d,0,R,mid,synth:babble dur=1.0 pitch=140 mood=alert,petardier (powder): grabbed (see Tools/AudioForge/vo/line-sheets/powder.md),
vo_powder_petardier_thrown,2,VO/powder,SFX/Creatures,3d,0,R,mid,synth:babble dur=0.7 pitch=140 mood=shout,petardier (powder): thrown (see Tools/AudioForge/vo/line-sheets/powder.md),
amb_alarm_bronze_roused,1,Ambience/Alarm,SFX/World,3d,0,L,none,synth:horn freq=98 dur=3.5 brass=0.3 bend=0.85,"a bull-horn call, then war-conch and bronze gong",
amb_alarm_bronze_huecry_loop,1,Ambience/Alarm,SFX/World,3d,1,L,none,synth:gong freq=90 dur=5 + synth:horn freq=147 dur=3 brass=0.5 gain=-4,"a bull-horn call, then war-conch and bronze gong",
amb_alarm_high_roused,1,Ambience/Alarm,SFX/World,3d,0,L,none,synth:bell_toll freq=196 dur=6 count=1,"a single chapel bell, then fast tolling",
amb_alarm_high_huecry_loop,1,Ambience/Alarm,SFX/World,3d,1,L,none,synth:bell_toll freq=196 dur=3 count=4 interval=0.9,"a single chapel bell, then fast tolling",
amb_alarm_late_roused,1,Ambience/Alarm,SFX/World,3d,0,L,none,synth:horn freq=147 dur=3 brass=0.7,"a watch horn, then a tocsin bell and drum",
amb_alarm_late_huecry_loop,1,Ambience/Alarm,SFX/World,3d,1,L,none,synth:bell_toll freq=262 dur=2 count=6 interval=0.45 big=0,"a watch horn, then a tocsin bell and drum",
amb_alarm_powder_roused,1,Ambience/Alarm,SFX/World,3d,0,L,none,synth:thump dur=0.5 freq=70 click=1.0 decay=8 + synth:rattle dur=1.5 density=20 freq=500 spread=0.2,"a drum beat to quarters, then a drum roll and a signal gun",
amb_alarm_powder_huecry_loop,1,Ambience/Alarm,SFX/World,3d,1,L,none,synth:rattle dur=4 density=40 freq=400 spread=0.2 + synth:gunshot dur=2.5 size=1.5 gain=-6,"a drum beat to quarters, then a drum roll and a signal gun",
amb_household_stir_loop,1,Ambience,SFX/Ambience,3d,1,R,none,synth:murmur_crowd dur=20 voices=10 + synth:drips dur=20 rate=0.2,"distant doors, muffled voices, dogs",
sfx_castle_lockdown_portcullis_drop,2,SFX/Castle,SFX/World,3d,0,L,high,synth:rattle dur=1.0 density=60 freq=700 + synth:thump dur=0.8 freq=45 click=1.2 decay=6,"a chain let go, iron teeth hitting stone",
sfx_castle_lockdown_bolt,3,SFX/Castle,SFX/World,3d,0,L,mid,kenney:rpg-audio/metalLatch* shift=0.6 + kenney:impact-sounds/impactMetal_heavy_* gain=-6,a heavy iron bolt thrown,
sfx_door_wood_open,3,SFX/Castle,SFX/World,3d,0,L,low,kenney:rpg-audio/doorOpen_* + kenney:rpg-audio/creak* gain=-4,an iron hinge creak,
sfx_door_wood_close,3,SFX/Castle,SFX/World,3d,0,L,low,kenney:rpg-audio/doorClose_*,a thud,
sfx_door_heavy_open,2,SFX/Castle,SFX/World,3d,0,L,mid,synth:creak dur=2.0 rate=18 pitch=250 rise=0.7 + kenney:rpg-audio/doorOpen_* shift=0.7,a long groan,
sfx_door_heavy_close,2,SFX/Castle,SFX/World,3d,0,L,mid,kenney:rpg-audio/doorClose_* shift=0.6 + synth:thump dur=0.8 freq=50 decay=6,a boom,
sfx_door_grate_open,2,SFX/Castle,SFX/World,3d,0,L,mid,synth:rattle dur=1.0 density=40 freq=1200 + synth:creak dur=1.0 rate=30 pitch=1500,a rattle and squeal,
sfx_door_grate_close,2,SFX/Castle,SFX/World,3d,0,L,mid,kenney:impact-sounds/impactMetal_heavy_* + synth:rattle dur=0.5 density=40 freq=1000,an iron clang,
sfx_door_locked_rattle,3,SFX/Castle,SFX/World,3d,0,L,low,kenney:rpg-audio/metalLatch* + kenney:rpg-audio/metalClick* + kenney:rpg-audio/metalLatch* shift=0.9,"the handle jiggles, the bolt holds",
sfx_door_unlock,2,SFX/Castle,SFX/World,3d,0,L,low,kenney:rpg-audio/metalClick* shift=0.8 + kenney:rpg-audio/metalLatch*,a key turning in the ward,
sfx_door_slam,2,SFX/Castle,SFX/World,3d,0,L,high,kenney:impact-sounds/impactWood_heavy_* shift=0.7,a crack,
sfx_portcullis_raise_loop,1,SFX/Castle,SFX/World,3d,1,L,mid,synth:rattle dur=3 density=40 freq=600 spread=0.3 + synth:creak dur=3 rate=10 pitch=300 rise=1.0,chain and ratchet,
sfx_portcullis_stop,1,SFX/Castle,SFX/World,3d,0,L,mid,kenney:impact-sounds/impactMetal_heavy_* shift=0.7,the winch stops,
sfx_masonry_crumble,3,SFX/Castle,SFX/World,3d,0,L,max,synth:crumble dur=3 density=70 size=1.5,a stone collapse,
sfx_debris_settle,3,SFX/Castle,SFX/World,3d,0,L,low,synth:crumble dur=2 density=25 size=0.2,dust and pebbles,
sfx_fire_ignite,3,SFX/Castle,SFX/World,3d,0,L,mid,synth:whumph dur=0.8,a whumph,
sfx_fire_tapestry_catch,2,SFX/Castle,SFX/World,3d,0,A,mid,synth:whumph dur=1.5 size=1.5 + synth:crackle dur=1.5 density=80 body=0.5,a fast rising crackle roar,"a hanging tapestry catching fire, fast rising crackling roar, 2 seconds"
amb_fire_candle_loop,1,Ambience/Fire,SFX/Ambience,3d,1,L,none,synth:crackle dur=6 density=3 body=0.05,candle fire,
amb_fire_torch_loop,1,Ambience/Fire,SFX/Ambience,3d,1,L,none,synth:crackle dur=8 density=20 body=0.4,torch fire,
amb_fire_brazier_loop,1,Ambience/Fire,SFX/Ambience,3d,1,L,none,synth:crackle dur=8 density=30 body=0.8,brazier fire,
amb_fire_hearth_loop,1,Ambience/Fire,SFX/Ambience,3d,1,L,none,synth:crackle dur=10 density=25 body=1.0,hearth fire,
amb_fire_blaze_loop,1,Ambience/Fire,SFX/Ambience,3d,1,L,low,synth:crackle dur=10 density=80 body=2.0,blaze fire,
sfx_fire_extinguish,2,SFX/Castle,SFX/World,3d,0,L,none,synth:hiss dur=1.2 low=1500 high=8000 decay=2.5,a hiss,
sfx_torch_drop,2,SFX/Castle,SFX/World,3d,0,L,low,kenney:impact-sounds/impactWood_light_* + synth:hiss dur=0.5 low=2000 high=7000 decay=5,a clatter and sputter,
sfx_hazard_fire_spread_fast,2,SFX/Hazards,SFX/World,3d,0,L,mid,synth:crackle dur=1.5 density=100 body=1.0 + synth:whoosh dur=1.5 f0=200 f1=900,"Bronze: fire runs, hungrier crackle",
sfx_hazard_oil_pour,1,SFX/Hazards,SFX/World,3d,0,L,mid,synth:whoosh dur=1.5 f0=200 f1=600 q=0.7 + synth:drips dur=1.5 rate=15,High: boiling oil poured,"boiling oil poured from above onto stone, thick splashing, 2 seconds"
sfx_hazard_oil_sizzle,2,SFX/Hazards,SFX/World,3d,0,L,mid,synth:hiss dur=2 low=3000 high=11000 flutter=20 decay=1,oil sizzling,
sfx_hazard_murderhole_drop,2,SFX/Hazards,SFX/World,3d,0,L,mid,synth:rattle dur=0.4 density=30 freq=800 + synth:crumble dur=0.8 density=30 size=0.4,Late: stones from above,
sfx_hazard_arrowloop_loose,2,SFX/Hazards,SFX/World,3d,0,L,low,synth:thump dur=0.2 freq=200 click=1.0 decay=30 + synth:whoosh dur=0.3 f0=3000 f1=1500 q=3,Late: arrows through the loops,
sfx_hazard_magazine_explosion,1,SFX/Hazards,SFX/World,3d,0,A,max,synth:explosion dur=6 size=2.5 + synth:crumble dur=6 density=80 size=2,Powder: the magazine goes up,"a gunpowder magazine exploding inside a stone palace, enormous boom, collapse and debris, 6 seconds"
sfx_hazard_explosion_tail_distant,2,SFX/Hazards,SFX/World,2d,0,A,none,synth:explosion dur=4 size=1.5 gain=-6,an explosion heard from elsewhere,"a distant muffled explosion heard through thick castle walls, 4 seconds"
sfx_drawbridge_raise_loop,1,SFX/Castle,SFX/World,3d,1,L,high,synth:rattle dur=3 density=50 freq=500 + synth:creak dur=3 rate=6 pitch=200,(if #44 builds it) winching,
sfx_drawbridge_slam,1,SFX/Castle,SFX/World,3d,0,L,high,synth:thump dur=1.5 freq=40 click=1.5 decay=3 + synth:crumble dur=1.5 density=20,(if #44 builds it) the bridge slams,
amb_portal_loop,1,Ambience,SFX/Ambience,3d,1,G,none,synth:drone dur=10 freqs=55/82.4/110/164.8 tremolo=0.25 bright=1400 + synth:shimmer dur=10 root=440 attack=0.5 gain=-14,a cold lapis drone,
sfx_portal_open,1,SFX/Portal,SFX/Spells,3d,0,A,high,synth:whoosh dur=2.5 f0=60 f1=2500 q=0.8 attack=0.4 + synth:shimmer dur=2.5 root=220 voices=7,a tear and inrush,"a magical portal tearing open, cold inrushing air and glassy choir, 3 seconds"
sfx_portal_enter,1,SFX/Portal,SFX/Spells,2d,0,A,none,synth:whoosh dur=1.5 f0=100 f1=5000 q=0.8 attack=0.6 + synth:shimmer dur=1.5 root=330 rise=2,a whoosh through time,"stepping through a portal in time, whoosh and muffled distant world, 1.5 seconds"
sfx_portal_arrive,1,SFX/Portal,SFX/Spells,2d,0,A,none,synth:whoosh dur=1.2 f0=4000 f1=300 q=0.8 attack=0.1 + synth:wind dur=1.2 gain=-6,let out into fresh air,"arriving through a portal into a cold night castle courtyard, whoosh fading to wind, 1.5 seconds"
sfx_portal_narrowing_loop,1,SFX/Portal,SFX/Spells,2d,1,G,none,synth:drone dur=8 freqs=110/116.5 tremolo=2 bright=2500 + synth:hum dur=8 freq=440 tremolo=8,the drone tightening,
sting_portal_warning,3,Stingers,Music,2d,0,G,none,music:sting kind=portal_warning,a tolling lapis bell,
sfx_portal_collapse,1,SFX/Portal,SFX/Spells,3d,0,A,high,synth:whoosh dur=1.8 f0=3000 f1=60 q=0.8 attack=0.1 + synth:thump dur=1.0 freq=40 decay=4,an implosion,"a magical portal collapsing inward, implosion with a deep thud, 2 seconds"
sfx_extract_item_cross,3,SFX/Portal,UI,2d,0,G,none,synth:coin_count steps=4,a coin-count chime; the game raises pitch with value,
sfx_extract_player_cross,1,SFX/Portal,SFX/Spells,3d,0,A,none,synth:whoosh dur=1.0 f0=150 f1=3000 q=0.8 + synth:shimmer dur=1 root=330 gain=-10,"the portal whoosh, softened",
sfx_result_tally_tick,1,UI,UI,2d,0,L,none,kenney:casino-audio/chip-lay-*,a coin drop,
sfx_result_tally_total,1,UI,UI,2d,0,L,none,kenney:rpg-audio/handleCoins* + synth:thump dur=0.3 freq=90 click=0.5,a heavy coin purse set down,
amb_lair_bed_loop,1,Ambience,SFX/Ambience,2d,1,L,none,synth:drips dur=30 rate=0.5 + synth:wind dur=30 low=80 high=300 gust=0.05 gain=-10,"drips, damp stone, a far creak",
amb_lair_hearth_loop,1,Ambience,SFX/Ambience,3d,1,L,none,synth:crackle dur=12 density=22 body=1.0,"a warm crackle, the only safe fire",
sfx_lair_debt_pay,2,SFX/Lair,UI,2d,0,L,none,synth:coins dur=1.2 count=25 + kenney:rpg-audio/handleCoins* + synth:hiss dur=0.6 low=3000 high=8000 flutter=25 gain=-12,"coins into a coffer, then a quill scratch",
sfx_lair_debt_due,1,SFX/Lair,UI,2d,0,R,none,synth:thump dur=0.4 freq=80 click=0.9 decay=15 + synth:thump dur=0.4 freq=78 click=0.9 decay=15,three slow knocks on the door,
sfx_lair_era_select_bronze,1,SFX/Lair,UI,2d,0,G,none,music:sting kind=alarm_stirred age=bronze + synth:hiss dur=1.2 low=3000 high=9000 decay=2 gain=-14,"an hourglass turned, plus the bronze Age's instrument",
sfx_lair_era_select_high,1,SFX/Lair,UI,2d,0,G,none,music:sting kind=alarm_stirred age=high + synth:hiss dur=1.2 low=3000 high=9000 decay=2 gain=-14,"an hourglass turned, plus the high Age's instrument",
sfx_lair_era_select_late,1,SFX/Lair,UI,2d,0,G,none,music:sting kind=alarm_stirred age=late + synth:hiss dur=1.2 low=3000 high=9000 decay=2 gain=-14,"an hourglass turned, plus the late Age's instrument",
sfx_lair_era_select_powder,1,SFX/Lair,UI,2d,0,G,none,music:sting kind=alarm_stirred age=powder + synth:hiss dur=1.2 low=3000 high=9000 decay=2 gain=-14,"an hourglass turned, plus the powder Age's instrument",
sfx_lair_weapon_rack_take,2,SFX/Lair,SFX/World,3d,0,L,none,kenney:rpg-audio/drawKnife* + kenney:impact-sounds/impactWood_light_* gain=-6,a scrape off a peg,
sfx_lair_revive,1,SFX/Lair,UI,2d,0,C,none,synth:shimmer dur=2.5 root=262 voices=5 attack=0.6 rise=1.5,a warm rising chord,
mus_title_loop,1,Music,Music,2d,1,M,none,music:theme variant=title,The Herald's Overture,
mus_lair_loop,1,Music,Music,2d,1,M,none,music:theme variant=lair,"one candle, one fire",
mus_lair_after_loss_loop,1,Music,Music,2d,1,M,none,music:theme variant=lair_after_loss,"solo hurdy-gurdy, sadder",
mus_results_success_loop,1,Music,Music,2d,1,M,none,music:theme variant=results_success,a jaunty tavern reel,
mus_results_failure_loop,1,Music,Music,2d,1,M,none,music:theme variant=results_failure,a slow tipsy reel,
mus_credits,1,Music,Music,2d,1,M,none,music:theme variant=credits,a full theme arrangement,
mus_raid_bronze_calm,1,Music,Music,2d,1,C,none,music:raid age=bronze layer=calm,bronze raid layer: calm; all four share bars and length,
mus_raid_bronze_stirred,1,Music,Music,2d,1,C,none,music:raid age=bronze layer=stirred,bronze raid layer: stirred; all four share bars and length,
mus_raid_bronze_roused,1,Music,Music,2d,1,C,none,music:raid age=bronze layer=roused,bronze raid layer: roused; all four share bars and length,
mus_raid_bronze_huecry,1,Music,Music,2d,1,C,none,music:raid age=bronze layer=huecry,bronze raid layer: huecry; all four share bars and length,
mus_raid_high_calm,1,Music,Music,2d,1,C,none,music:raid age=high layer=calm,high raid layer: calm; all four share bars and length,
mus_raid_high_stirred,1,Music,Music,2d,1,C,none,music:raid age=high layer=stirred,high raid layer: stirred; all four share bars and length,
mus_raid_high_roused,1,Music,Music,2d,1,C,none,music:raid age=high layer=roused,high raid layer: roused; all four share bars and length,
mus_raid_high_huecry,1,Music,Music,2d,1,C,none,music:raid age=high layer=huecry,high raid layer: huecry; all four share bars and length,
mus_raid_late_calm,1,Music,Music,2d,1,C,none,music:raid age=late layer=calm,late raid layer: calm; all four share bars and length,
mus_raid_late_stirred,1,Music,Music,2d,1,C,none,music:raid age=late layer=stirred,late raid layer: stirred; all four share bars and length,
mus_raid_late_roused,1,Music,Music,2d,1,C,none,music:raid age=late layer=roused,late raid layer: roused; all four share bars and length,
mus_raid_late_huecry,1,Music,Music,2d,1,C,none,music:raid age=late layer=huecry,late raid layer: huecry; all four share bars and length,
mus_raid_powder_calm,1,Music,Music,2d,1,C,none,music:raid age=powder layer=calm,powder raid layer: calm; all four share bars and length,
mus_raid_powder_stirred,1,Music,Music,2d,1,C,none,music:raid age=powder layer=stirred,powder raid layer: stirred; all four share bars and length,
mus_raid_powder_roused,1,Music,Music,2d,1,C,none,music:raid age=powder layer=roused,powder raid layer: roused; all four share bars and length,
mus_raid_powder_huecry,1,Music,Music,2d,1,C,none,music:raid age=powder layer=huecry,powder raid layer: huecry; all four share bars and length,
mus_raid_portal_narrowing,1,Music,Music,2d,1,C,none,synth:shimmer dur=16 root=220 voices=7 attack=0.9 tremolo=2 rise=2 + synth:clock dur=16 bpm=120 gain=-6,a rising lapis choir and a ticking figure,
sting_alarm_stirred_bronze,1,Stingers,Music,2d,0,C,none,music:sting kind=alarm_stirred age=bronze,"alarm → stirred, bronze instruments",
sting_alarm_roused_bronze,1,Stingers,Music,2d,0,C,none,music:sting kind=alarm_roused age=bronze,"alarm → roused, bronze instruments",
sting_alarm_huecry_bronze,1,Stingers,Music,2d,0,C,none,music:sting kind=alarm_huecry age=bronze,"alarm → huecry, bronze instruments",
sting_alarm_stirred_high,1,Stingers,Music,2d,0,C,none,music:sting kind=alarm_stirred age=high,"alarm → stirred, high instruments",
sting_alarm_roused_high,1,Stingers,Music,2d,0,C,none,music:sting kind=alarm_roused age=high,"alarm → roused, high instruments",
sting_alarm_huecry_high,1,Stingers,Music,2d,0,C,none,music:sting kind=alarm_huecry age=high,"alarm → huecry, high instruments",
sting_alarm_stirred_late,1,Stingers,Music,2d,0,C,none,music:sting kind=alarm_stirred age=late,"alarm → stirred, late instruments",
sting_alarm_roused_late,1,Stingers,Music,2d,0,C,none,music:sting kind=alarm_roused age=late,"alarm → roused, late instruments",
sting_alarm_huecry_late,1,Stingers,Music,2d,0,C,none,music:sting kind=alarm_huecry age=late,"alarm → huecry, late instruments",
sting_alarm_stirred_powder,1,Stingers,Music,2d,0,C,none,music:sting kind=alarm_stirred age=powder,"alarm → stirred, powder instruments",
sting_alarm_roused_powder,1,Stingers,Music,2d,0,C,none,music:sting kind=alarm_roused age=powder,"alarm → roused, powder instruments",
sting_alarm_huecry_powder,1,Stingers,Music,2d,0,C,none,music:sting kind=alarm_huecry age=powder,"alarm → huecry, powder instruments",
sting_gold_found,2,Stingers,Music,2d,0,M,none,music:sting kind=gold_found,an orpiment shimmer: bells and a harp gliss,
sting_player_down,1,Stingers,Music,2d,0,M,none,music:sting kind=player_down,a muted drum and a low bell,
sting_extract_success,1,Stingers,Music,2d,0,M,none,music:sting kind=extract_success,a fanfare,
sting_raid_lost,1,Stingers,Music,2d,0,M,none,music:sting kind=raid_lost,a sackbut sighs downwards,
sting_portal_opened,1,Stingers,Music,2d,0,A,none,music:sting kind=portal_opened,the lapis choir swells,
amb_bronze_exterior_loop,1,Ambience,SFX/Ambience,2d,1,L,none,synth:wind dur=30 low=200 high=1200 gain=-6 + synth:crickets dur=30 voices=8 + synth:wind dur=30 low=60 high=200 gust=0.05 gain=-8,"warm night wind, crickets, a distant sea",
amb_high_exterior_loop,1,Ambience,SFX/Ambience,2d,1,L,none,synth:wind dur=30 low=250 high=1800 gust=0.2 + synth:crickets dur=30 voices=2 gain=-10,"cold wind on stone, an owl, a far dog",
amb_late_exterior_loop,1,Ambience,SFX/Ambience,2d,1,L,none,synth:wind dur=30 low=300 high=1500 + synth:drips dur=30 rate=3,"wet stone, gutters dripping, flags snapping",
amb_powder_exterior_loop,1,Ambience,SFX/Ambience,2d,1,L,none,synth:wind dur=30 low=200 high=900 gust=0.08 gain=-6 + synth:bell_toll freq=392 dur=6 count=1 gain=-22 + synth:hiss dur=30 low=800 high=4000 gain=-18,"light breeze, distant town bells, a fountain",
amb_room_corridor_loop,1,Ambience,SFX/Ambience,2d,1,L,none,synth:wind dur=30 low=80 high=400 gust=0.1 gain=-6,"dead air, a faint draught",
amb_room_small_loop,1,Ambience,SFX/Ambience,2d,1,L,none,synth:wind dur=30 low=60 high=250 gust=0.05 gain=-10,room tone,
amb_room_hall_loop,1,Ambience,SFX/Ambience,2d,1,L,none,synth:wind dur=30 low=50 high=300 gust=0.04 + synth:drone dur=30 freqs=55 bright=200 gain=-20,"a large, faintly humming space",
amb_room_stair_loop,1,Ambience,SFX/Ambience,2d,1,L,none,synth:wind dur=30 low=400 high=2200 gust=0.3,a draught whistling round the newel,
amb_room_crypt_loop,1,Ambience,SFX/Ambience,2d,1,L,none,synth:drips dur=30 rate=1.2 + synth:wind dur=30 low=30 high=120 gust=0.03,drips and deep sub-rumble,
amb_room_chapel_loop,1,Ambience,SFX/Ambience,2d,1,L,none,synth:drone dur=30 freqs=73.4/110 bright=500 tremolo=0.05 gain=-12 + synth:hiss dur=30 low=2000 high=6000 gain=-26,"a huge reverberant hush, a faint organ drone",
amb_room_magazine_loop,1,Ambience,SFX/Ambience,2d,1,L,none,synth:creak dur=30 rate=0.3 pitch=300 gain=-10 + synth:wind dur=30 low=40 high=150 gain=-12,"dry, muffled, creaking kegs",
amb_room_counting_loop,1,Ambience,SFX/Ambience,2d,1,L,none,synth:wind dur=30 low=60 high=250 gain=-10 + synth:clock dur=30 bpm=4 gain=-10,"quiet, an occasional abacus click",
amb_room_kunstkammer_loop,1,Ambience,SFX/Ambience,2d,1,L,none,synth:clock dur=30 bpm=60 + synth:wind dur=30 low=60 high=250 gain=-12,"a clock ticking, a clockwork curiosity",
amb_room_gallery_loop,1,Ambience,SFX/Ambience,2d,1,L,none,synth:wind dur=30 low=200 high=1000 gust=0.2 + synth:rattle dur=30 density=1.5 freq=2500 gain=-8,wind rattling big glass panes,
amb_room_bronze_interior_loop,1,Ambience,SFX/Ambience,2d,1,L,none,synth:crackle dur=30 density=6 body=0.6 gain=-8 + synth:wind dur=30 low=60 high=250 gain=-10,"smoke, dust, a low fire",
amb_spot_dripping,1,Ambience,SFX/Ambience,3d,1,L,none,synth:drips dur=12 rate=1.5,a drip,
amb_spot_rats,1,Ambience,SFX/Ambience,3d,1,L,none,synth:rattle dur=12 density=4 freq=5000 spread=0.3 + synth:babble dur=0.3 pitch=1400 mood=alert gain=-12,rats in the stone,
amb_spot_wind_gap,1,Ambience,SFX/Ambience,3d,1,L,none,synth:wind dur=12 low=600 high=2500 gust=0.3,wind through a gap,
