t,x,y,z,vx,vy,vz,speed,spin,rx,ry,rz,held,holders,controls,kinematic,grip,heavy,aimx,aimy,aimz
0.020,-42.000,0.002,-45.269,0.000,0.000,0.000,0.000,0.000,270.000,0.070,0.000,0,0,1,0,100,0,,,
0.040,-42.000,0.002,-45.269,0.000,0.000,0.000,0.000,0.000,270.000,0.070,0.000,0,0,1,0,100,0,,,
0.060,-42.000,0.002,-45.269,0.000,0.000,0.000,0.000,0.000,270.000,0.070,0.000,0,0,1,0,100,0,,,
0.080,-42.000,0.002,-45.269,0.000,0.000,0.000,0.000,0.000,270.000,0.070,0.000,0,0,1,0,100,0,,,
0.100,-42.000,0.002,-45.269,0.000,0.000,0.000,0.000,0.000,270.000,0.070,0.000,0,0,1,0,100,0,,,
0.120,-42.000,0.002,-45.269,0.000,0.000,0.000,0.000,0.000,270.000,0.070,0.000,0,0,1,0,100,0,,,
0.140,-42.000,0.002,-45.269,0.000,0.000,0.000,0.000,0.000,270.000,0.070,0.000,0,0,1,0,100,0,,,
0.160,-42.000,0.002,-45.269,0.000,0.000,0.000,0.000,0.000,270.000,0.070,0.000,0,0,1,0,100,0,,,
0.180,-42.000,0.002,-45.269,0.000,0.000,0.000,0.000,0.000,270.000,0.070,0.000,0,0,1,0,100,0,,,
0.200,-42.000,0.002,-45.269,0.000,0.000,0.000,0.000,0.000,270.000,0.070,0.000,0,0,1,0,100,0,,,
0.220,-42.000,0.002,-45.269,0.000,0.000,0.000,0.000,0.000,270.000,0.070,0.000,0,0,1,0,100,0,,,
0.240,-42.000,0.002,-45.269,0.000,0.000,0.000,0.000,0.000,270.000,0.070,0.000,0,0,1,0,100,0,,,
0.260,-42.000,0.002,-45.269,0.000,0.000,0.000,0.000,0.000,270.000,0.070,0.000,0,0,1,0,100,0,,,
0.280,-42.000,0.002,-45.269,0.000,0.000,0.000,0.000,0.000,270.000,0.070,0.000,0,0,1,0,100,0,,,
0.300,-42.000,0.002,-45.269,0.000,0.000,0.000,0.000,0.000,270.000,0.070,0.000,0,0,1,0,100,0,,,
0.320,-42.000,0.002,-45.269,0.000,0.000,0.000,0.000,0.000,270.000,0.070,0.000,0,0,1,0,100,0,,,
0.340,-42.000,0.002,-45.269,0.000,0.000,0.000,0.000,0.000,270.000,0.070,0.000,0,0,1,0,100,0,,,
0.360,-42.000,0.002,-45.269,0.000,0.000,0.000,0.000,0.000,270.000,0.070,0.000,0,0,1,0,100,0,,,
0.380,-42.000,0.002,-45.269,0.000,0.000,0.000,0.000,0.000,270.000,0.070,0.000,0,0,1,0,100,0,,,
0.400,-42.000,0.002,-45.269,0.000,0.000,0.000,0.000,0.000,270.000,0.070,0.000,0,0,1,0,100,0,,,
0.420,-42.000,0.002,-45.269,0.000,0.000,0.000,0.000,0.000,270.000,0.070,0.000,0,0,1,0,100,0,,,
0.440,-42.000,0.002,-45.269,0.000,0.000,0.000,0.000,0.000,270.000,0.070,0.000,0,0,1,0,100,0,,,
0.460,-42.000,0.002,-45.269,0.000,0.000,0.000,0.000,0.000,270.000,0.070,0.000,0,0,1,0,100,0,,,
0.480,-42.000,0.002,-45.269,0.000,0.000,0.000,0.000,0.000,270.000,0.070,0.000,0,0,1,0,100,0,,,
0.500,-42.000,0.002,-45.269,0.000,0.000,0.000,0.000,0.000,270.000,0.070,0.000,0,0,1,0,100,0,,,
0.520,-42.000,0.002,-45.269,0.000,0.000,0.000,0.000,0.000,270.000,0.070,0.000,0,0,1,0,100,0,,,
0.540,-42.000,0.002,-45.269,0.000,0.000,0.000,0.000,0.000,270.000,0.070,0.000,0,0,1,0,100,0,,,
0.560,-42.000,0.002,-45.269,0.000,0.000,0.000,0.000,0.000,270.000,0.070,0.000,0,0,1,0,100,0,,,
0.580,-42.000,0.002,-45.269,0.000,0.000,0.000,0.000,0.000,270.000,0.070,0.000,0,0,1,0,100,0,,,
0.600,-42.000,0.002,-45.269,0.000,0.000,0.000,0.000,0.000,270.000,0.070,0.000,0,0,1,0,100,0,,,
0.620,-42.000,0.002,-45.269,0.000,0.000,0.000,0.000,0.000,270.000,0.070,0.000,0,0,1,0,100,0,,,
0.640,-42.000,0.002,-45.269,0.000,0.000,0.000,0.000,0.000,270.000,0.070,0.000,0,0,1,0,100,0,,,
0.660,-42.000,0.002,-45.269,0.000,0.000,0.000,0.000,0.000,270.000,0.070,0.000,0,0,1,0,100,0,,,
0.680,-42.000,0.002,-45.269,0.000,0.000,0.000,0.000,0.000,270.000,0.070,0.000,0,0,1,0,100,0,,,
0.700,-42.000,0.002,-45.269,0.000,0.000,0.000,0.000,0.000,270.000,0.070,0.000,0,0,1,0,100,0,,,
0.720,-42.000,0.002,-45.269,0.000,0.000,0.000,0.000,0.000,270.000,0.070,0.000,0,0,1,0,100,0,,,
0.740,-42.000,0.002,-45.269,0.000,0.000,0.000,0.000,0.000,270.000,0.070,0.000,0,0,1,0,100,0,,,
0.760,-42.000,0.002,-45.269,0.000,0.000,0.000,0.000,0.000,270.000,0.070,0.000,0,0,1,0,100,0,,,
0.780,-42.000,0.002,-45.269,0.000,0.000,0.000,0.000,0.000,270.000,0.070,0.000,0,0,1,0,100,0,,,
0.800,-42.000,0.002,-45.269,0.000,0.000,0.000,0.000,0.000,270.000,0.070,0.000,0,0,1,0,100,0,,,
0.820,-42.000,0.002,-45.269,0.000,0.000,0.000,0.000,0.000,270.000,0.070,0.000,0,0,1,0,100,0,,,
0.840,-42.000,0.002,-45.269,0.000,0.000,0.000,0.000,0.000,270.000,0.070,0.000,0,0,1,0,100,0,,,
0.860,-42.000,0.002,-45.269,0.000,0.000,0.000,0.000,0.000,270.000,0.070,0.000,0,0,1,0,100,0,,,
0.880,-42.000,0.002,-45.269,0.000,0.000,0.000,0.000,0.000,270.000,0.070,0.000,0,0,1,0,100,0,,,
0.900,-42.000,0.002,-45.269,0.000,0.000,0.000,0.000,0.000,270.000,0.070,0.000,0,0,1,0,100,0,,,
0.920,-42.000,0.002,-45.269,0.000,0.000,0.000,0.000,0.000,270.000,0.070,0.000,0,0,1,0,100,0,,,
0.940,-42.000,0.002,-45.269,0.000,0.000,0.000,0.000,0.000,270.000,0.070,0.000,0,0,1,0,100,0,,,
0.960,-42.000,0.002,-45.269,0.000,0.000,0.000,0.000,0.000,270.000,0.070,0.000,0,0,1,0,100,0,,,
0.980,-42.000,0.002,-45.269,0.000,0.000,0.000,0.000,0.000,270.000,0.070,0.000,0,0,1,0,100,0,,,
1.000,-42.000,0.002,-45.269,0.000,0.000,0.000,0.000,0.000,270.000,0.070,0.000,0,0,1,0,100,0,,,
1.020,-42.000,0.002,-45.269,0.000,0.000,0.000,0.000,0.000,270.000,0.070,0.000,0,0,1,0,100,0,,,
1.040,-42.000,0.002,-45.269,0.000,0.000,0.000,0.000,0.000,270.000,0.070,0.000,0,0,1,0,100,0,,,
1.060,-42.000,0.002,-45.269,0.000,0.000,0.000,0.000,0.000,270.000,0.070,0.000,0,0,1,0,100,0,,,
1.080,-42.000,0.002,-45.269,0.000,0.000,0.000,0.000,0.000,270.000,0.070,0.000,0,0,1,0,100,0,,,
1.100,-42.000,0.002,-45.269,0.000,0.000,0.000,0.000,0.000,270.000,0.070,0.000,0,0,1,0,100,0,,,
1.120,-42.000,0.002,-45.269,0.000,0.000,0.000,0.000,0.000,270.000,0.070,0.000,0,0,1,0,100,0,,,
1.140,-42.000,0.002,-45.269,0.000,0.000,0.000,0.000,0.000,270.000,0.070,0.000,0,0,1,0,100,0,,,
1.160,-42.000,0.002,-45.269,0.000,0.000,0.000,0.000,0.000,270.000,0.070,0.000,0,0,1,0,100,0,,,
1.180,-42.000,0.002,-45.269,0.000,0.000,0.000,0.000,0.000,270.000,0.070,0.000,0,0,1,0,100,0,,,
1.200,-42.000,0.002,-45.269,0.000,0.000,0.000,0.000,0.000,270.000,0.070,0.000,0,0,1,0,100,0,,,
1.220,-42.000,0.002,-45.269,0.000,0.000,0.000,0.000,0.000,270.000,0.070,0.000,0,0,1,0,100,0,,,
1.240,-42.000,0.002,-45.269,0.000,0.000,0.000,0.000,0.000,270.000,0.070,0.000,0,0,1,0,100,0,,,
1.260,-42.000,0.002,-45.269,0.000,0.000,0.000,0.000,0.000,270.000,0.070,0.000,0,0,1,0,100,0,,,
1.280,-42.000,0.002,-45.269,0.000,0.000,0.000,0.000,0.000,270.000,0.070,0.000,0,0,1,0,100,0,,,
1.300,-42.000,0.002,-45.269,0.000,0.000,0.000,0.000,0.000,270.000,0.070,0.000,0,0,1,0,100,0,,,
1.320,-42.000,0.002,-45.269,0.000,0.000,0.000,0.000,0.000,270.000,0.070,0.000,0,0,1,0,100,0,,,
1.340,-42.000,0.002,-45.269,0.000,0.000,0.000,0.000,0.000,270.000,0.070,0.000,0,0,1,0,100,0,,,
1.360,-42.000,0.002,-45.269,0.000,0.000,0.000,0.000,0.000,270.000,0.070,0.000,0,0,1,0,100,0,,,
1.380,-42.000,0.002,-45.269,0.000,0.000,0.000,0.000,0.000,270.000,0.070,0.000,0,0,1,0,100,0,,,
1.400,-42.000,0.002,-45.269,0.000,0.000,0.000,0.000,0.000,270.000,0.070,0.000,0,0,1,0,100,0,,,
1.420,-42.000,0.002,-45.269,0.000,0.000,0.000,0.000,0.000,270.000,0.070,0.000,0,0,1,0,100,0,,,
1.440,-42.000,0.002,-45.269,0.000,0.000,0.000,0.000,0.000,270.000,0.070,0.000,0,0,1,0,100,0,,,
1.460,-42.000,0.002,-45.269,0.000,0.000,0.000,0.000,0.000,270.000,0.070,0.000,0,0,1,0,100,0,,,
1.480,-42.000,0.002,-45.269,0.000,0.000,0.000,0.000,0.000,270.000,0.070,0.000,0,0,1,0,100,0,,,
1.500,-42.000,0.002,-45.269,0.000,0.000,0.000,0.000,0.000,270.000,0.070,0.000,0,0,1,0,100,0,,,
1.520,-42.000,0.002,-45.269,0.000,0.000,0.000,0.000,0.000,270.000,0.070,0.000,0,0,1,0,100,0,,,
1.540,-42.000,0.002,-45.269,0.000,0.000,0.000,0.000,0.000,270.000,0.070,0.000,0,0,1,0,100,0,,,
1.560,-42.000,0.002,-45.269,0.000,0.000,0.000,0.000,0.000,270.000,0.070,0.000,0,0,1,0,100,0,,,
1.580,-42.000,0.002,-45.269,0.000,0.000,0.000,0.000,0.000,270.000,0.070,0.000,0,0,1,0,100,0,,,
1.600,-42.000,0.002,-45.269,0.000,0.000,0.000,0.000,0.000,270.000,0.070,0.000,0,0,1,0,100,0,,,
1.620,-42.000,0.002,-45.269,0.000,0.000,0.000,0.000,0.000,270.000,0.070,0.000,0,0,1,0,100,0,,,
1.640,-42.000,0.002,-45.269,0.000,0.000,0.000,0.000,0.000,270.000,0.070,0.000,0,0,1,0,100,0,,,
1.660,-42.000,0.002,-45.269,0.000,0.000,0.000,0.000,0.000,270.000,0.070,0.000,0,0,1,0,100,0,,,
1.680,-42.000,0.002,-45.269,0.000,0.000,0.000,0.000,0.000,270.000,0.070,0.000,0,0,1,0,100,0,,,
1.700,-42.000,0.002,-45.269,0.000,0.000,0.000,0.000,0.000,270.000,0.070,0.000,0,0,1,0,100,0,,,
1.720,-42.000,0.002,-45.269,0.000,0.000,0.000,0.000,0.000,270.000,0.070,0.000,0,0,1,0,100,0,,,
1.740,-42.000,0.002,-45.269,0.000,0.000,0.000,0.000,0.000,270.000,0.070,0.000,0,0,1,0,100,0,,,
1.760,-42.000,0.002,-45.269,0.000,0.000,0.000,0.000,0.000,270.000,0.070,0.000,0,0,1,0,100,0,,,
1.780,-42.000,0.002,-45.269,0.000,0.000,0.000,0.000,0.000,270.000,0.070,0.000,1,1,1,0,100,0,-41.895,0.097,-45.272
1.800,-42.000,0.002,-45.269,0.000,0.000,0.000,0.000,0.000,270.000,0.070,0.000,1,1,1,0,100,0,-41.895,0.097,-45.272
1.820,-42.000,0.002,-45.269,0.000,0.000,0.000,0.000,0.000,270.000,0.070,0.000,1,1,1,0,100,0,-41.895,0.097,-45.272
1.840,-42.000,0.002,-45.269,0.000,0.000,0.000,0.000,0.000,270.000,0.070,0.000,1,1,1,0,100,0,-41.895,0.097,-45.272
1.860,-42.000,0.002,-45.269,0.000,0.000,0.000,0.000,0.000,270.000,0.070,0.000,1,1,1,0,100,0,-41.895,0.097,-45.272
1.880,-41.999,0.002,-45.268,0.016,-0.007,0.030,0.035,0.210,270.517,3.961,356.282,1,1,1,0,100,0,-41.884,-0.102,-45.046
1.900,-42.000,0.002,-45.268,0.000,-0.021,0.001,0.021,0.197,270.534,3.855,356.359,1,1,1,0,100,0,-41.884,-0.102,-45.046
1.920,-41.999,0.002,-45.267,0.013,-0.020,0.014,0.028,0.104,270.484,4.087,356.252,1,1,1,0,100,0,-41.884,-0.101,-45.046
1.940,-41.999,0.002,-45.266,0.013,-0.020,0.016,0.028,0.093,270.474,4.200,356.265,1,1,1,0,100,0,-41.884,-0.101,-45.046
1.960,-41.998,0.002,-45.265,0.012,-0.019,0.010,0.025,0.072,270.470,4.335,356.255,1,1,1,0,100,0,-41.884,-0.102,-45.046
1.980,-41.998,0.002,-45.265,0.002,-0.019,-0.003,0.020,0.128,270.483,4.234,356.360,1,1,1,0,100,0,-41.884,-0.102,-45.046
2.000,-41.998,0.002,-45.265,0.001,-0.019,-0.004,0.020,0.138,270.481,4.217,356.375,1,1,1,0,100,0,-41.884,-0.102,-45.046
2.020,-41.998,0.002,-45.265,0.002,-0.019,-0.003,0.020,0.134,270.478,4.216,356.376,1,1,1,0,100,0,-41.884,-0.102,-45.046
2.040,-41.998,0.002,-45.265,0.002,-0.019,-0.003,0.020,0.133,270.478,4.215,356.376,1,1,1,0,100,0,-41.884,-0.102,-45.046
2.060,-41.998,0.002,-45.265,0.002,-0.019,-0.003,0.020,0.133,270.477,4.215,356.376,1,1,1,0,100,0,-41.884,-0.102,-45.046
2.080,-41.998,0.002,-45.265,0.002,-0.019,-0.003,0.020,0.132,270.478,4.215,356.376,1,1,1,0,100,0,-41.884,-0.102,-45.046
2.100,-41.998,0.002,-45.265,0.002,-0.019,-0.003,0.020,0.134,270.478,4.214,356.377,1,1,1,0,100,0,-41.884,-0.102,-45.046
2.120,-41.998,0.002,-45.265,0.002,-0.019,-0.003,0.019,0.133,270.478,4.214,356.377,1,1,1,0,100,0,-41.884,-0.101,-45.046
2.140,-41.998,0.002,-45.265,0.002,-0.019,-0.003,0.019,0.133,270.477,4.215,356.377,1,1,1,0,100,0,-41.884,-0.102,-45.046
2.160,-41.998,0.002,-45.265,0.002,-0.019,-0.003,0.019,0.132,270.478,4.215,356.376,1,1,1,0,100,0,-41.884,-0.102,-45.046
2.180,-41.998,0.002,-45.265,0.002,-0.019,-0.003,0.019,0.133,270.479,4.215,356.377,1,1,1,0,100,0,-41.884,-0.101,-45.046
2.200,-41.998,0.002,-45.265,0.002,-0.019,-0.003,0.020,0.133,270.479,4.214,356.377,1,1,1,0,100,0,-41.884,-0.102,-45.046
2.220,-41.998,0.002,-45.265,0.002,-0.019,-0.003,0.020,0.133,270.479,4.214,356.377,1,1,1,0,100,0,-41.884,-0.102,-45.046
2.240,-41.998,0.002,-45.265,0.002,-0.019,-0.003,0.020,0.133,270.479,4.214,356.377,1,1,1,0,100,0,-41.884,-0.102,-45.046
2.260,-41.998,0.002,-45.265,0.002,-0.019,-0.003,0.020,0.133,270.479,4.214,356.377,1,1,1,0,100,0,-41.884,-0.102,-45.046
2.280,-41.998,0.002,-45.265,0.002,-0.019,-0.003,0.020,0.133,270.479,4.214,356.377,1,1,1,0,100,0,-41.884,-0.102,-45.046
2.300,-41.998,0.002,-45.265,0.002,-0.019,-0.003,0.020,0.133,270.478,4.215,356.377,1,1,1,0,100,0,-41.884,-0.102,-45.046
2.320,-41.998,0.002,-45.265,0.002,-0.019,-0.003,0.020,0.133,270.478,4.215,356.377,1,1,1,0,100,0,-41.884,-0.102,-45.046
2.340,-41.998,0.002,-45.265,0.002,-0.019,-0.003,0.020,0.133,270.479,4.215,356.377,1,1,1,0,100,0,-41.884,-0.102,-45.046
2.360,-41.998,0.002,-45.265,0.002,-0.019,-0.003,0.020,0.133,270.477,4.215,356.377,1,1,1,0,100,0,-41.884,-0.102,-45.046
2.380,-41.998,0.002,-45.265,0.002,-0.019,-0.003,0.020,0.133,270.479,4.215,356.377,1,1,1,0,100,0,-41.884,-0.101,-45.046
2.400,-41.998,0.002,-45.265,0.002,-0.019,-0.003,0.020,0.132,270.479,4.215,356.377,1,1,1,0,100,0,-41.884,-0.101,-45.046
2.420,-41.998,0.002,-45.265,0.002,-0.019,-0.003,0.020,0.133,270.479,4.214,356.377,1,1,1,0,100,0,-41.884,-0.102,-45.046
2.440,-41.998,0.002,-45.265,0.002,-0.019,-0.003,0.020,0.133,270.478,4.214,356.377,1,1,1,0,100,0,-41.884,-0.102,-45.046
2.460,-41.998,0.002,-45.265,0.002,-0.019,-0.003,0.020,0.133,270.477,4.214,356.377,1,1,1,0,100,0,-41.884,-0.102,-45.046
2.480,-41.998,0.002,-45.265,0.002,-0.019,-0.003,0.019,0.132,270.478,4.215,356.377,1,1,1,0,100,0,-41.884,-0.102,-45.046
2.500,-41.998,0.002,-45.265,0.002,-0.019,-0.003,0.020,0.133,270.478,4.215,356.377,1,1,1,0,100,0,-41.884,-0.102,-45.046
2.520,-41.998,0.002,-45.265,0.002,-0.019,-0.003,0.019,0.133,270.479,4.215,356.377,1,1,1,0,100,0,-41.884,-0.101,-45.046
2.540,-41.998,0.002,-45.265,0.002,-0.019,-0.004,0.020,0.134,270.477,4.214,356.377,1,1,1,0,100,0,-41.884,-0.101,-45.046
2.560,-41.998,0.002,-45.265,0.002,-0.019,-0.003,0.020,0.133,270.477,4.215,356.377,1,1,1,0,100,0,-41.884,-0.101,-45.046
2.580,-41.998,0.002,-45.265,0.002,-0.019,-0.003,0.019,0.132,270.479,4.214,356.377,1,1,1,0,100,0,-41.884,-0.102,-45.046
2.600,-41.998,0.002,-45.265,0.002,-0.019,-0.003,0.019,0.133,270.478,4.214,356.377,1,1,1,0,100,0,-41.884,-0.102,-45.046
2.620,-41.998,0.002,-45.265,0.002,-0.019,-0.003,0.019,0.132,270.477,4.215,356.377,1,1,1,0,100,0,-41.884,-0.102,-45.046
2.640,-41.998,0.002,-45.265,0.002,-0.019,-0.003,0.019,0.133,270.478,4.215,356.377,1,1,1,0,100,0,-41.884,-0.102,-45.046
2.660,-41.998,0.002,-45.265,0.002,-0.019,-0.003,0.020,0.133,270.479,4.215,356.377,1,1,1,0,100,0,-41.884,-0.102,-45.046
2.680,-41.998,0.002,-45.265,0.002,-0.019,-0.003,0.020,0.133,270.479,4.215,356.377,1,1,1,0,100,0,-41.884,-0.101,-45.046
2.700,-41.998,0.002,-45.265,0.002,-0.019,-0.003,0.020,0.133,270.478,4.214,356.377,1,1,1,0,100,0,-41.884,-0.101,-45.046
2.720,-41.998,0.002,-45.265,0.002,-0.019,-0.003,0.019,0.132,270.478,4.215,356.377,1,1,1,0,100,0,-41.884,-0.102,-45.046
2.740,-41.998,0.002,-45.265,0.002,-0.019,-0.003,0.019,0.133,270.478,4.215,356.376,1,1,1,0,100,0,-41.884,-0.101,-45.046
2.760,-41.998,0.002,-45.265,0.002,-0.019,-0.003,0.020,0.133,270.478,4.215,356.377,1,1,1,0,100,0,-41.884,-0.101,-45.046
2.780,-41.998,0.002,-45.265,0.002,-0.019,-0.003,0.020,0.132,270.478,4.214,356.377,1,1,1,0,100,0,-41.884,-0.102,-45.046
2.800,-41.998,0.002,-45.265,0.002,-0.019,-0.004,0.020,0.134,270.478,4.214,356.377,1,1,1,0,100,0,-41.884,-0.102,-45.046
2.820,-41.998,0.002,-45.265,0.002,-0.019,-0.003,0.020,0.133,270.478,4.214,356.377,1,1,1,0,100,0,-41.884,-0.101,-45.046
2.840,-41.998,0.002,-45.265,0.002,-0.019,-0.003,0.020,0.132,270.478,4.215,356.377,1,1,1,0,100,0,-41.884,-0.102,-45.046
2.860,-41.998,0.002,-45.265,0.002,-0.019,-0.003,0.019,0.133,270.477,4.214,356.377,1,1,1,0,100,0,-41.884,-0.102,-45.046
2.880,-41.998,0.002,-45.265,0.002,-0.019,-0.003,0.019,0.132,270.477,4.215,356.376,1,1,1,0,100,0,-41.884,-0.102,-45.046
2.900,-41.998,0.002,-45.265,0.002,-0.019,-0.003,0.020,0.133,270.478,4.215,356.377,1,1,1,0,100,0,-41.884,-0.101,-45.046
2.920,-41.998,0.002,-45.265,0.002,-0.019,-0.003,0.020,0.133,270.478,4.214,356.377,1,1,1,0,100,0,-41.884,-0.102,-45.046
2.940,-41.998,0.002,-45.265,0.002,-0.019,-0.003,0.020,0.133,270.477,4.214,356.377,1,1,1,0,100,0,-41.884,-0.102,-45.046
2.960,-41.998,0.002,-45.265,0.002,-0.019,-0.003,0.020,0.134,270.476,4.214,356.377,1,1,1,0,100,0,-41.884,-0.102,-45.046
2.980,-41.998,0.002,-45.265,0.002,-0.019,-0.003,0.019,0.132,270.477,4.215,356.377,1,1,1,0,100,0,-41.884,-0.102,-45.046
3.000,-41.998,0.002,-45.265,0.002,-0.019,-0.003,0.019,0.133,270.476,4.214,356.377,1,1,1,0,100,0,-41.884,-0.101,-45.046
3.020,-41.998,0.002,-45.265,0.002,-0.019,-0.003,0.019,0.132,270.478,4.215,356.377,1,1,1,0,100,0,-41.884,-0.102,-45.046
3.040,-41.998,0.002,-45.265,0.002,-0.019,-0.003,0.019,0.132,270.479,4.215,356.377,1,1,1,0,100,0,-41.884,-0.102,-45.046
3.060,-41.998,0.002,-45.265,0.002,-0.019,-0.003,0.020,0.133,270.478,4.214,356.377,1,1,1,0,100,0,-41.884,-0.102,-45.046
3.080,-41.998,0.002,-45.265,0.002,-0.019,-0.003,0.019,0.132,270.478,4.215,356.377,1,1,1,0,100,0,-41.884,-0.102,-45.046
3.100,-41.998,0.002,-45.265,0.002,-0.019,-0.003,0.019,0.132,270.478,4.214,356.377,1,1,1,0,100,0,-41.884,-0.102,-45.046
3.120,-41.998,0.002,-45.265,0.002,-0.019,-0.003,0.020,0.133,270.479,4.215,356.377,1,1,1,0,100,0,-41.884,-0.102,-45.046
3.140,-41.998,0.002,-45.265,0.002,-0.019,-0.003,0.020,0.134,270.479,4.214,356.377,1,1,1,0,100,0,-41.884,-0.102,-45.046
3.160,-41.998,0.002,-45.265,0.002,-0.019,-0.003,0.019,0.132,270.479,4.215,356.377,1,1,1,0,100,0,-41.884,-0.101,-45.046
3.180,-41.998,0.002,-45.265,0.003,-0.019,0.007,0.020,0.177,270.479,4.215,356.376,1,1,1,0,100,0,-41.884,-0.100,-45.046
3.200,-41.998,0.002,-45.264,0.012,-0.019,0.015,0.027,0.094,270.466,4.418,356.296,1,1,1,0,100,0,-41.884,-0.100,-45.046
3.220,-41.998,0.002,-45.263,0.013,-0.019,0.017,0.028,0.092,270.465,4.577,356.261,1,1,1,0,100,0,-41.884,-0.100,-45.046
3.240,-41.997,0.002,-45.262,0.013,-0.019,0.015,0.027,0.088,270.465,4.722,356.239,1,1,1,0,100,0,-41.884,-0.100,-45.046
3.260,-41.994,0.025,-45.195,0.166,1.118,3.345,3.531,0.053,270.417,9.634,351.325,1,1,1,0,100,0,-41.846,1.987,-44.265
3.280,-41.989,0.070,-45.093,0.245,2.256,5.129,5.608,0.051,270.376,13.033,347.892,1,1,1,0,100,0,-41.846,1.988,-44.265
3.300,-41.984,0.138,-44.987,0.249,3.393,5.316,6.311,0.057,270.340,15.372,345.501,1,1,1,0,100,0,-41.846,1.987,-44.265
3.320,-41.979,0.228,-44.886,0.232,4.530,5.013,6.761,0.060,270.307,16.979,343.835,1,1,1,0,100,0,-41.846,1.988,-44.265
3.340,-41.975,0.342,-44.796,0.208,5.667,4.549,7.270,0.060,270.276,18.084,342.668,1,1,1,0,100,0,-41.846,1.987,-44.265
3.360,-41.971,0.478,-44.715,0.184,6.804,4.043,7.917,0.058,270.250,18.845,341.847,1,1,1,0,100,0,-41.846,1.989,-44.265
3.380,-41.968,0.628,-44.644,0.159,7.504,3.538,8.297,0.055,270.224,19.370,341.265,1,1,1,0,100,0,-41.846,1.989,-44.265
3.400,-41.965,0.779,-44.583,0.137,7.555,3.060,8.153,0.051,270.203,19.731,340.850,1,1,1,0,100,0,-41.846,1.989,-44.265
3.420,-41.963,0.923,-44.531,0.117,7.224,2.624,7.687,0.047,270.181,19.982,340.550,1,1,1,0,100,0,-41.846,1.988,-44.265
3.440,-41.961,1.057,-44.486,0.099,6.674,2.234,7.039,0.043,270.166,20.156,340.331,1,1,1,0,100,0,-41.846,1.988,-44.265
3.460,-41.959,1.177,-44.448,0.083,6.014,1.891,6.305,0.039,270.145,20.277,340.168,1,1,1,0,100,0,-41.846,1.987,-44.265
3.480,-41.958,1.284,-44.416,0.069,5.382,1.592,5.613,0.035,270.131,20.364,340.044,1,1,1,0,100,0,-41.846,1.989,-44.265
3.500,-41.956,1.378,-44.390,0.058,4.698,1.334,4.884,0.032,270.119,20.427,339.947,1,1,1,0,100,0,-41.846,1.988,-44.265
3.520,-41.956,1.459,-44.368,0.048,4.049,1.115,4.200,0.029,270.107,0.381,0.000,1,1,1,0,100,0,-41.846,1.988,-44.265
3.540,-41.955,1.529,-44.349,0.039,3.462,0.928,3.584,0.026,270.093,0.349,0.000,1,1,1,0,100,0,-41.846,1.987,-44.265
3.560,-41.954,1.588,-44.334,0.032,2.978,0.770,3.076,0.023,270.086,0.321,0.000,1,1,1,0,100,0,-41.846,1.989,-44.265
3.580,-41.953,1.638,-44.321,0.027,2.509,0.638,2.589,0.021,270.079,0.296,0.000,1,1,1,0,100,0,-41.846,1.988,-44.265
3.600,-41.953,1.680,-44.310,0.022,2.105,0.527,2.170,0.019,270.069,0.273,0.000,1,1,1,0,100,0,-41.846,1.988,-44.265
3.620,-41.953,1.715,-44.302,0.018,1.753,0.435,1.806,0.017,270.059,0.253,0.000,1,1,1,0,100,0,-41.846,1.988,-44.265
3.640,-41.952,1.745,-44.295,0.014,1.458,0.358,1.501,0.015,270.056,0.235,0.000,1,1,1,0,100,0,-41.846,1.987,-44.265
3.660,-41.952,1.770,-44.289,0.012,1.260,0.294,1.294,0.014,270.049,0.218,0.000,1,1,1,0,100,0,-41.846,1.989,-44.265
3.680,-41.952,1.791,-44.284,0.009,1.040,0.242,1.068,0.012,270.049,0.203,0.000,1,1,1,0,100,0,-41.846,1.988,-44.265
3.700,-41.952,1.808,-44.280,0.008,0.850,0.198,0.873,0.011,270.040,0.190,0.000,1,1,1,0,100,0,-41.846,1.988,-44.265
3.720,-41.952,1.823,-44.277,0.006,0.748,0.162,0.765,0.010,270.028,0.178,0.000,1,1,1,0,100,0,-41.846,1.990,-44.265
3.740,-41.951,1.836,-44.274,0.005,0.653,0.133,0.666,0.009,270.000,0.167,0.000,1,1,1,0,100,0,-41.846,1.990,-44.265
3.760,-41.951,1.846,-44.272,0.004,0.529,0.109,0.540,0.008,270.020,0.157,0.000,1,1,1,0,100,0,-41.846,1.987,-44.265
3.780,-41.951,1.854,-44.270,0.003,0.413,0.089,0.422,0.007,270.000,0.148,0.000,1,1,1,0,100,0,-41.846,1.988,-44.265
3.800,-41.951,1.860,-44.269,0.002,0.296,0.072,0.304,0.007,270.000,0.141,0.000,1,1,1,0,100,0,-41.846,1.987,-44.265
3.820,-41.951,1.864,-44.268,0.002,0.205,0.059,0.213,0.006,270.020,0.133,0.000,1,1,1,0,100,0,-41.846,1.987,-44.265
3.840,-41.951,1.868,-44.267,0.001,0.181,0.048,0.187,0.005,270.020,0.127,0.000,1,1,1,0,100,0,-41.846,1.988,-44.265
3.860,-41.951,1.870,-44.266,0.001,0.119,0.039,0.126,0.005,270.020,0.121,0.000,1,1,1,0,100,0,-41.846,1.987,-44.265
3.880,-41.951,1.872,-44.265,0.001,0.077,0.032,0.083,0.004,270.000,0.116,0.000,1,1,1,0,100,0,-41.846,1.987,-44.265
3.900,-41.951,1.873,-44.265,0.001,0.049,0.026,0.056,0.004,270.020,0.112,0.000,1,1,1,0,100,0,-41.846,1.987,-44.265
3.920,-41.951,1.874,-44.264,0.000,0.032,0.021,0.038,0.003,270.000,0.107,0.000,1,1,1,0,100,0,-41.846,1.987,-44.265
3.940,-41.951,1.874,-44.264,0.000,0.020,0.017,0.026,0.002,270.000,0.105,0.000,1,1,1,0,100,0,-41.846,1.987,-44.265
3.960,-41.951,1.874,-44.264,0.000,0.015,0.014,0.020,0.001,270.000,0.104,0.000,1,1,1,0,100,0,-41.846,1.987,-44.265
3.980,-41.951,1.874,-44.263,0.000,0.009,0.011,0.014,0.001,270.000,0.103,0.000,1,1,1,0,100,0,-41.846,1.987,-44.265
4.000,-41.951,1.875,-44.263,0.000,0.007,0.009,0.012,0.000,270.000,0.103,0.000,1,1,1,0,100,0,-41.846,1.988,-44.265
4.020,-41.951,1.874,-44.263,0.000,-0.014,0.008,0.016,0.000,270.000,0.102,0.000,1,1,1,0,100,0,-41.846,1.987,-44.265
4.040,-41.951,1.874,-44.263,0.000,-0.009,0.006,0.011,0.000,270.000,0.102,0.000,1,1,1,0,100,0,-41.846,1.987,-44.265
4.060,-41.951,1.874,-44.263,0.000,0.016,0.005,0.017,0.000,270.000,0.102,0.000,1,1,1,0,100,0,-41.846,1.988,-44.265
4.080,-41.951,1.874,-44.263,0.000,-0.009,0.004,0.010,0.000,270.000,0.102,0.000,1,1,1,0,100,0,-41.846,1.987,-44.265
4.100,-41.951,1.874,-44.263,0.000,-0.005,0.003,0.006,0.000,270.000,0.102,0.000,1,1,1,0,100,0,-41.846,1.987,-44.265
4.120,-41.951,1.874,-44.263,0.000,-0.005,0.003,0.006,0.000,270.000,0.102,0.000,1,1,1,0,100,0,-41.846,1.988,-44.265
4.140,-41.951,1.874,-44.263,0.000,-0.007,0.002,0.008,0.000,270.000,0.102,0.000,1,1,1,0,100,0,-41.846,1.987,-44.265
4.160,-41.951,1.874,-44.263,0.000,-0.006,0.002,0.006,0.000,270.000,0.102,0.000,1,1,1,0,100,0,-41.846,1.987,-44.265
4.180,-41.951,1.874,-44.263,0.000,0.000,0.001,0.001,0.000,270.000,0.102,0.000,1,1,1,0,100,0,-41.846,1.988,-44.265
4.200,-41.951,1.874,-44.263,0.000,0.006,0.001,0.006,0.000,270.000,0.102,0.000,1,1,1,0,100,0,-41.846,1.988,-44.265
4.220,-41.951,1.874,-44.263,0.000,0.002,0.001,0.002,0.000,270.000,0.102,0.000,1,1,1,0,100,0,-41.846,1.988,-44.265
4.240,-41.951,1.874,-44.263,0.000,0.000,0.001,0.001,0.000,270.000,0.102,0.000,1,1,1,0,100,0,-41.846,1.987,-44.265
4.260,-41.951,1.874,-44.263,0.000,-0.018,0.001,0.018,0.000,270.000,0.102,0.000,1,1,1,0,100,0,-41.846,1.987,-44.265
4.280,-41.951,1.873,-44.263,0.000,-0.039,0.001,0.039,0.000,270.000,0.102,0.000,1,1,1,0,100,0,-41.846,1.987,-44.265
4.300,-41.951,1.872,-44.263,0.000,-0.043,0.000,0.043,0.000,270.000,0.102,0.000,1,1,1,0,100,0,-41.846,1.987,-44.265
4.320,-41.951,1.871,-44.263,0.000,-0.049,0.000,0.049,0.000,270.000,0.102,0.000,1,1,1,0,100,0,-41.846,1.987,-44.265
4.340,-41.951,1.870,-44.263,0.000,-0.028,0.000,0.028,0.000,270.000,0.102,0.000,1,1,1,0,100,0,-41.846,1.987,-44.265
4.360,-41.955,1.872,-44.251,-0.221,-0.005,0.684,0.718,2.318,272.666,353.645,6.455,1,2,1,0,200,0,-41.846,1.988,-44.265
4.380,-41.960,1.865,-44.235,-0.239,-0.262,0.698,0.783,2.151,270.239,21.687,338.201,1,2,1,0,200,0,-41.846,1.988,-44.265
4.400,-41.965,1.873,-44.225,-0.253,0.148,0.738,0.794,5.031,275.974,354.267,5.425,1,2,1,0,200,0,-41.846,1.987,-44.265
4.420,-41.969,1.858,-44.210,-0.206,-0.469,0.464,0.691,7.016,272.086,164.010,195.447,1,2,1,0,200,0,-41.846,1.988,-44.265
4.440,-41.972,1.882,-44.209,-0.219,0.644,0.652,0.942,12.760,282.560,353.744,5.423,1,2,1,0,200,0,-41.846,1.987,-44.265
4.460,-41.977,1.843,-44.191,-0.119,-1.148,-0.051,1.155,20.996,281.519,169.062,189.912,1,2,1,0,200,0,-41.846,1.988,-44.265
4.480,-41.977,1.885,-44.204,-0.151,1.160,0.408,1.239,22.631,284.455,355.475,3.096,1,2,1,0,200,0,-41.846,1.988,-44.265
4.500,-41.981,1.843,-44.195,-0.045,-1.126,-0.609,1.281,23.744,282.824,167.328,191.370,1,2,1,0,200,0,-41.846,1.988,-44.265
4.520,-41.979,1.887,-44.211,-0.076,1.245,0.270,1.277,22.722,283.306,357.157,0.754,1,2,1,0,200,0,-41.846,1.988,-44.265
4.540,-41.984,1.848,-44.201,-0.061,-1.054,-0.574,1.202,23.017,283.215,165.254,193.053,1,2,1,0,200,0,-41.846,1.989,-44.265
4.560,-41.981,1.892,-44.217,-0.039,1.265,0.299,1.300,22.511,282.745,358.423,358.865,1,2,1,0,200,0,-41.846,1.988,-44.265
4.580,-41.986,1.852,-44.206,-0.068,-1.090,-0.516,1.208,23.156,284.001,164.101,193.814,1,2,1,0,200,0,-41.846,1.988,-44.265
4.600,-41.982,1.895,-44.222,-0.005,1.249,0.307,1.287,22.604,282.130,359.499,357.282,1,2,1,0,200,0,-41.846,1.988,-44.265
4.620,-41.988,1.854,-44.209,-0.067,-1.112,-0.477,1.212,23.067,284.573,163.208,194.371,1,2,1,0,200,0,-41.846,1.988,-44.265
4.640,-41.982,1.897,-44.225,0.020,1.229,0.314,1.269,22.623,281.636,0.388,355.988,1,2,1,0,200,0,-41.846,1.988,-44.265
4.660,-41.989,1.856,-44.212,-0.066,-1.145,-0.443,1.230,23.035,285.077,162.615,194.680,1,2,1,0,200,0,-41.846,1.987,-44.265
4.680,-41.983,1.898,-44.228,0.039,1.205,0.318,1.247,22.686,281.248,1.084,354.970,1,2,1,0,200,0,-41.846,1.987,-44.265
4.700,-41.989,1.858,-44.214,-0.065,-1.120,-0.419,1.198,22.779,285.217,161.936,195.126,1,2,1,0,200,0,-41.846,1.988,-44.265
4.720,-41.983,1.900,-44.230,0.050,1.214,0.331,1.259,22.627,281.082,1.561,354.226,1,2,1,0,200,0,-41.846,1.988,-44.265
4.740,-41.989,1.859,-44.216,-0.065,-1.159,-0.400,1.228,22.959,285.616,161.718,195.152,1,2,1,0,200,0,-41.846,1.987,-44.265
4.760,-41.983,1.902,-44.232,0.058,1.228,0.328,1.273,22.907,281.028,1.870,353.720,1,2,1,0,200,0,-41.846,1.988,-44.265
4.780,-41.989,1.860,-44.218,-0.065,-1.172,-0.401,1.240,23.012,285.754,161.427,195.308,1,2,1,0,200,0,-41.846,1.987,-44.265
4.800,-41.983,1.902,-44.234,0.066,1.190,0.332,1.237,22.763,280.747,2.229,353.192,1,2,1,0,200,0,-41.846,1.988,-44.265
4.820,-41.989,1.861,-44.219,-0.067,-1.180,-0.378,1.241,22.865,285.885,161.202,195.394,1,2,1,0,200,0,-41.846,1.988,-44.265
4.840,-41.983,1.902,-44.235,0.069,1.200,0.338,1.248,22.882,280.766,2.321,352.960,1,2,1,0,200,0,-41.846,1.988,-44.265
4.860,-41.989,1.861,-44.220,-0.066,-1.184,-0.378,1.244,22.918,285.939,160.996,195.489,1,2,1,0,200,0,-41.846,1.987,-44.265
4.880,-41.982,1.902,-44.236,0.072,1.180,0.341,1.230,22.789,280.618,2.478,352.685,1,2,1,0,200,0,-41.846,1.987,-44.265
4.900,-41.989,1.861,-44.220,-0.067,-1.189,-0.365,1.245,22.847,286.015,160.867,195.518,1,2,1,0,200,0,-41.846,1.987,-44.265
4.920,-41.982,1.902,-44.236,0.072,1.171,0.344,1.222,22.776,280.535,2.555,352.511,1,2,1,0,200,0,-41.846,1.987,-44.265
4.940,-41.989,1.861,-44.221,-0.067,-1.160,-0.358,1.216,22.696,285.936,160.625,195.674,1,2,1,0,200,0,-41.846,1.988,-44.265
4.960,-41.982,1.902,-44.236,0.070,1.183,0.350,1.236,22.701,280.539,2.569,352.418,1,2,1,0,200,0,-41.846,1.988,-44.265
4.980,-41.989,1.861,-44.221,-0.068,-1.193,-0.354,1.247,22.894,286.157,160.718,195.517,1,2,1,0,200,0,-41.846,1.987,-44.265
5.000,-41.982,1.902,-44.237,0.072,1.175,0.342,1.226,22.828,280.462,2.632,352.303,1,2,1,0,200,0,-41.846,1.988,-44.265
5.020,-41.989,1.860,-44.221,-0.069,-1.193,-0.356,1.247,22.823,286.157,160.642,195.549,1,2,1,0,200,0,-41.846,1.988,-44.265
5.040,-41.982,1.902,-44.237,0.071,1.207,0.344,1.257,23.005,280.669,2.485,352.400,1,2,1,0,200,0,-41.846,1.988,-44.265
5.060,-41.989,1.861,-44.222,-0.063,-1.191,-0.368,1.248,22.945,286.095,160.499,195.631,1,2,1,0,200,0,-41.846,1.987,-44.265
5.080,-41.981,1.902,-44.238,0.076,1.170,0.346,1.223,22.775,280.468,2.554,352.250,1,2,1,0,200,0,-41.846,1.987,-44.265
5.100,-41.988,1.861,-44.222,-0.065,-1.185,-0.350,1.238,22.772,286.096,160.443,195.617,1,2,1,0,200,0,-41.846,1.988,-44.265
5.120,-41.981,1.901,-44.238,0.074,1.170,0.352,1.224,22.766,280.456,2.462,352.282,1,2,1,0,200,0,-41.846,1.987,-44.265
5.140,-41.988,1.860,-44.222,-0.065,-1.188,-0.348,1.239,22.798,286.134,160.447,195.555,1,2,1,0,200,0,-41.846,1.987,-44.265
5.160,-41.981,1.901,-44.238,0.069,1.168,0.349,1.221,22.761,280.410,2.431,352.295,1,2,1,0,200,0,-41.846,1.987,-44.265
5.180,-41.988,1.860,-44.222,-0.067,-1.162,-0.347,1.215,22.680,286.045,160.347,195.638,1,2,1,0,200,0,-41.846,1.988,-44.265
5.200,-41.981,1.901,-44.238,0.068,1.170,0.353,1.224,22.643,280.367,2.452,352.245,1,2,1,0,200,0,-41.846,1.987,-44.265
5.220,-41.988,1.860,-44.222,-0.069,-1.191,-0.341,1.241,22.815,286.239,160.495,195.461,1,2,1,0,200,0,-41.846,1.987,-44.265
5.240,-41.981,1.902,-44.238,0.069,1.211,0.345,1.261,23.027,280.608,2.250,352.426,1,2,1,0,200,0,-41.846,1.988,-44.265
5.260,-41.988,1.861,-44.222,-0.066,-1.169,-0.367,1.227,22.875,286.069,160.343,195.611,1,2,1,0,200,0,-41.846,1.988,-44.265
5.280,-41.981,1.902,-44.238,0.069,1.191,0.348,1.243,22.772,280.490,2.330,352.324,1,2,1,0,200,0,-41.846,1.988,-44.265
5.300,-41.988,1.861,-44.222,-0.069,-1.196,-0.351,1.248,22.904,286.217,160.457,195.475,1,2,1,0,200,0,-41.846,1.987,-44.265
5.320,-41.981,1.901,-44.238,0.069,1.170,0.346,1.222,22.812,280.383,2.389,352.255,1,2,1,0,200,0,-41.846,1.987,-44.265
5.340,-41.988,1.861,-44.223,-0.069,-1.153,-0.348,1.207,22.635,286.022,160.242,195.672,1,2,1,0,200,0,-41.846,1.989,-44.265
5.360,-41.981,1.902,-44.238,0.067,1.183,0.356,1.237,22.668,280.420,2.359,352.260,1,2,1,0,200,0,-41.846,1.988,-44.265
5.380,-41.988,1.860,-44.222,-0.069,-1.210,-0.343,1.260,22.948,286.336,160.513,195.379,1,2,1,0,200,0,-41.846,1.987,-44.265
5.400,-41.981,1.900,-44.238,0.070,1.145,0.342,1.197,22.751,280.193,2.503,352.113,1,2,1,0,200,0,-41.846,1.987,-44.265
5.420,-41.988,1.858,-44.222,-0.068,-1.235,-0.339,1.282,22.827,286.422,160.595,195.277,1,2,1,0,200,0,-41.846,1.987,-44.265
5.440,-41.981,1.898,-44.238,0.069,1.133,0.339,1.184,22.830,280.194,2.452,352.158,1,2,1,0,200,0,-41.846,1.987,-44.265
5.460,-41.988,1.857,-44.222,-0.067,-1.221,-0.343,1.270,22.717,286.296,160.481,195.377,1,2,1,0,200,0,-41.846,1.987,-44.265
5.480,-41.981,1.898,-44.238,0.067,1.165,0.344,1.217,22.944,280.452,2.229,352.364,1,2,1,0,200,0,-41.846,1.988,-44.265
5.500,-41.980,1.940,-44.252,-0.082,1.484,-0.309,1.518,16.834,299.249,349.360,6.611,1,2,1,0,200,0,-41.846,1.988,-44.265
5.520,-41.973,1.992,-44.269,0.291,1.817,-0.644,1.950,14.792,316.158,347.417,8.433,1,2,1,0,200,0,-41.846,1.987,-44.265
5.540,-41.968,2.044,-44.287,0.287,2.116,-0.953,2.339,11.601,329.298,346.701,10.806,1,2,1,0,200,0,-41.846,1.988,-44.265
5.560,-41.962,2.099,-44.301,0.402,2.251,-0.839,2.436,11.288,342.176,347.156,11.764,1,2,1,0,200,0,-41.846,1.988,-44.265
5.580,-41.957,2.148,-44.315,0.346,2.283,-0.901,2.478,6.366,349.200,347.655,13.550,1,2,1,0,200,0,-41.846,1.987,-44.265
5.600,-41.952,2.140,-44.323,0.308,-0.485,-0.475,0.745,2.125,351.523,348.393,13.411,1,2,1,0,200,0,-41.846,1.987,-44.265
5.620,-41.952,2.114,-44.321,0.030,-1.396,-0.011,1.396,2.078,353.781,348.940,13.868,1,2,1,0,200,0,-41.846,1.988,-44.265
5.640,-41.952,2.082,-44.320,0.021,-1.450,0.081,1.453,2.939,350.421,348.976,13.642,1,2,1,0,200,0,-41.846,1.987,-44.265
5.660,-41.955,2.057,-44.307,-0.136,-1.376,0.578,1.499,1.932,352.575,349.495,13.580,1,2,1,0,200,0,-41.846,1.988,-44.265
5.680,-41.955,2.024,-44.308,-0.055,-1.223,0.153,1.234,8.392,342.991,348.735,13.467,1,2,1,0,200,0,-41.846,1.988,-44.265
5.700,-41.961,2.014,-44.281,-0.244,-0.952,1.111,1.483,8.210,352.326,349.932,13.093,1,2,1,0,200,0,-41.846,1.988,-44.265
5.720,-41.957,1.975,-44.298,0.027,-0.808,-0.451,0.926,20.382,329.073,347.592,13.614,1,2,1,0,200,0,-41.846,1.988,-44.265
5.740,-41.971,2.003,-44.243,-0.448,-0.116,2.086,2.136,27.363,0.266,350.938,12.430,1,2,1,0,200,0,-41.846,1.987,-44.265
5.760,-41.960,1.947,-44.299,0.252,-0.024,-2.246,2.260,50.000,303.241,344.082,15.535,1,2,1,0,200,0,-41.846,1.987,-44.265
5.780,-41.982,2.032,-44.226,-0.845,1.425,3.206,3.609,47.110,356.930,351.029,10.591,1,2,1,0,200,0,-41.846,1.987,-44.265
5.800,-41.973,1.982,-44.290,0.225,0.284,-2.779,2.803,50.000,299.740,346.765,11.866,1,2,1,0,200,0,-41.846,1.988,-44.265
5.820,-41.989,2.072,-44.227,-0.727,1.615,2.873,3.375,46.062,352.422,350.420,7.771,1,2,1,0,200,0,-41.846,1.988,-44.265
5.840,-41.981,2.015,-44.292,0.339,-0.030,-3.009,3.029,50.000,295.136,350.787,6.471,1,2,1,0,200,0,-41.846,1.988,-44.265
5.860,-41.989,2.100,-44.238,-0.535,1.455,2.731,3.141,44.076,345.585,349.899,4.668,1,2,1,0,200,0,-41.846,1.988,-44.265
5.880,-41.984,2.034,-44.298,0.432,-0.387,-3.095,3.149,50.000,288.442,356.838,359.213,1,2,1,0,200,0,-41.846,1.987,-44.265
5.900,-41.982,2.112,-44.258,-0.269,1.361,2.472,2.835,39.289,333.203,350.097,1.615,1,2,1,0,200,0,-41.846,1.987,-44.265
5.920,-41.984,2.038,-44.302,0.380,-0.785,-3.025,3.149,50.000,277.033,21.472,334.367,1,2,1,0,200,0,-41.846,1.988,-44.265
5.940,-41.972,2.101,-44.288,0.129,1.362,1.735,2.210,29.922,310.160,353.289,357.687,1,2,1,0,200,0,-41.846,1.988,-44.265
5.960,-41.984,2.033,-44.290,-0.024,-1.230,-1.547,1.976,39.007,276.060,127.343,228.981,1,2,1,0,200,0,-41.846,1.988,-44.265
5.980,-41.968,2.077,-44.291,0.343,1.030,1.114,1.556,23.195,292.211,358.964,353.160,1,2,1,0,200,0,-41.846,1.988,-44.265
6.000,-41.982,2.019,-44.274,-0.220,-1.588,-0.516,1.684,27.740,280.460,148.216,208.157,1,2,1,0,200,0,-41.846,1.987,-44.265
6.020,-41.970,2.051,-44.279,0.243,0.634,0.869,1.103,22.168,285.935,1.840,351.403,1,2,1,0,200,0,-41.846,1.988,-44.265
6.040,-41.982,1.993,-44.259,-0.206,-1.807,-0.291,1.842,25.014,283.466,154.835,201.530,1,2,1,0,200,0,-41.846,1.987,-44.265
6.060,-41.972,2.021,-44.269,0.164,0.518,0.687,0.876,22.564,283.174,3.350,350.621,1,2,1,0,200,0,-41.846,1.987,-44.265
6.080,-41.982,1.965,-44.249,-0.175,-1.835,-0.262,1.862,23.741,284.725,157.078,199.291,1,2,1,0,200,0,-41.846,1.988,-44.265
6.100,-41.973,1.994,-44.261,0.114,0.547,0.582,0.807,22.903,282.222,3.736,350.633,1,2,1,0,200,0,-41.846,1.988,-44.265
6.120,-41.983,1.940,-44.243,-0.152,-1.793,-0.282,1.821,23.299,285.142,157.940,198.423,1,2,1,0,200,0,-41.846,1.987,-44.265
6.140,-41.975,1.970,-44.256,0.089,0.623,0.522,0.818,23.099,281.986,3.613,350.944,1,2,1,0,200,0,-41.846,1.987,-44.265
6.160,-41.984,1.918,-44.239,-0.136,-1.683,-0.312,1.717,23.019,285.043,158.054,198.289,1,2,1,0,200,0,-41.846,1.987,-44.265
6.180,-41.976,1.952,-44.252,0.078,0.742,0.495,0.895,23.157,282.133,3.258,351.364,1,2,1,0,200,0,-41.846,1.988,-44.265
6.200,-41.985,1.902,-44.236,-0.124,-1.562,-0.342,1.603,23.001,284.864,157.989,198.332,1,2,1,0,200,0,-41.846,1.988,-44.265
6.220,-41.977,1.937,-44.249,0.075,0.844,0.478,0.973,23.052,282.183,3.045,351.592,1,2,1,0,200,0,-41.846,1.988,-44.265
6.240,-41.985,1.890,-44.234,-0.116,-1.464,-0.356,1.511,23.020,284.824,158.039,198.254,1,2,1,0,200,0,-41.846,1.987,-44.265
6.260,-41.978,1.927,-44.247,0.077,0.935,0.464,1.046,23.003,282.155,2.912,351.718,1,2,1,0,200,0,-41.846,1.987,-44.265
6.280,-41.986,1.881,-44.232,-0.109,-1.377,-0.365,1.428,23.022,284.843,158.136,198.122,1,2,1,0,200,0,-41.846,1.988,-44.265
6.300,-41.978,1.919,-44.245,0.079,0.992,0.451,1.093,22.836,281.935,2.922,351.703,1,2,1,0,200,0,-41.846,1.987,-44.265
6.320,-41.986,1.874,-44.230,-0.105,-1.324,-0.360,1.376,23.008,285.030,158.422,197.798,1,2,1,0,200,0,-41.846,1.987,-44.265
6.340,-41.979,1.913,-44.244,0.080,1.059,0.435,1.147,22.913,281.820,2.859,351.764,1,2,1,0,200,0,-41.846,1.988,-44.265
6.360,-41.987,1.869,-44.228,-0.096,-1.283,-0.368,1.338,23.056,285.186,158.663,197.511,1,2,1,0,200,0,-41.846,1.987,-44.265
6.380,-41.979,1.909,-44.243,0.083,1.103,0.420,1.183,22.917,281.652,2.799,351.804,1,2,1,0,200,0,-41.846,1.988,-44.265
6.400,-41.987,1.866,-44.227,-0.095,-1.244,-0.370,1.302,23.031,285.308,158.903,197.247,1,2,1,0,200,0,-41.846,1.988,-44.265
6.420,-41.979,1.907,-44.242,0.081,1.127,0.408,1.201,22.834,281.420,2.828,351.786,1,2,1,0,200,0,-41.846,1.988,-44.265
6.440,-41.987,1.864,-44.226,-0.092,-1.224,-0.363,1.281,23.000,285.490,159.164,196.956,1,2,1,0,200,0,-41.846,1.988,-44.265
6.460,-41.980,1.905,-44.241,0.079,1.141,0.397,1.210,22.802,281.188,2.869,351.754,1,2,1,0,200,0,-41.846,1.988,-44.265
6.480,-41.987,1.862,-44.225,-0.090,-1.227,-0.358,1.281,23.012,285.721,159.466,196.625,1,2,1,0,200,0,-41.846,1.987,-44.265
6.500,-41.980,1.903,-44.240,0.078,1.153,0.384,1.218,22.884,281.036,2.857,351.773,1,2,1,0,200,0,-41.846,1.988,-44.265
6.520,-41.987,1.861,-44.225,-0.086,-1.201,-0.360,1.256,22.910,285.749,159.549,196.518,1,2,1,0,200,0,-41.846,1.987,-44.265
6.540,-41.980,1.902,-44.240,0.076,1.169,0.380,1.231,22.830,280.940,2.817,351.810,1,2,1,0,200,0,-41.846,1.987,-44.265
6.560,-41.987,1.861,-44.224,-0.078,-1.186,-0.355,1.241,22.890,285.817,159.625,196.379,1,2,1,0,200,0,-41.846,1.987,-44.265
6.580,-41.980,1.902,-44.240,0.079,1.178,0.376,1.239,22.805,280.832,2.704,351.876,1,2,1,0,200,0,-41.846,1.988,-44.265
6.600,-41.987,1.860,-44.224,-0.081,-1.200,-0.354,1.254,22.971,285.998,159.902,196.084,1,2,1,0,200,0,-41.846,1.987,-44.265
6.620,-41.980,1.901,-44.239,0.076,1.172,0.365,1.230,22.841,280.679,2.704,351.892,1,2,1,0,200,0,-41.846,1.987,-44.265
6.640,-41.987,1.861,-44.224,-0.079,-1.154,-0.352,1.209,22.723,285.865,159.805,196.159,1,2,1,0,200,0,-41.846,1.989,-44.265
6.660,-41.980,1.902,-44.239,0.071,1.188,0.370,1.246,22.689,280.636,2.657,351.935,1,2,1,0,200,0,-41.846,1.988,-44.265
6.680,-41.988,1.860,-44.223,-0.078,-1.196,-0.345,1.247,22.962,286.169,160.124,195.816,1,2,1,0,200,0,-41.846,1.987,-44.265
6.700,-41.980,1.901,-44.239,0.073,1.173,0.355,1.228,22.824,280.474,2.696,351.899,1,2,1,0,200,0,-41.846,1.987,-44.265
6.720,-41.988,1.860,-44.223,-0.075,-1.189,-0.348,1.241,22.818,286.162,160.151,195.771,1,2,1,0,200,0,-41.846,1.988,-44.265
6.740,-41.980,1.901,-44.238,0.071,1.179,0.354,1.233,22.829,280.482,2.610,351.980,1,2,1,0,200,0,-41.846,1.988,-44.265
6.760,-41.988,1.860,-44.223,-0.073,-1.183,-0.349,1.236,22.816,286.147,160.154,195.745,1,2,1,0,200,0,-41.846,1.988,-44.265
6.780,-41.980,1.901,-44.238,0.071,1.184,0.354,1.238,22.826,280.490,2.524,352.051,1,2,1,0,200,0,-41.846,1.988,-44.265
6.800,-41.988,1.860,-44.223,-0.073,-1.184,-0.350,1.237,22.842,286.164,160.195,195.689,1,2,1,0,200,0,-41.846,1.988,-44.265
6.820,-41.980,1.901,-44.238,0.070,1.177,0.352,1.230,22.784,280.421,2.519,352.050,1,2,1,0,200,0,-41.846,1.988,-44.265
6.840,-41.988,1.860,-44.222,-0.072,-1.184,-0.346,1.235,22.800,286.182,160.223,195.644,1,2,1,0,200,0,-41.846,1.987,-44.265
6.860,-41.981,1.901,-44.238,0.069,1.176,0.351,1.229,22.784,280.401,2.485,352.083,1,2,1,0,200,0,-41.846,1.987,-44.265
6.880,-41.988,1.859,-44.222,-0.071,-1.188,-0.346,1.240,22.814,286.215,160.269,195.590,1,2,1,0,200,0,-41.846,1.987,-44.265
6.900,-41.981,1.900,-44.238,0.068,1.175,0.349,1.228,22.807,280.392,2.458,352.108,1,2,1,0,200,0,-41.846,1.987,-44.265
6.920,-41.988,1.859,-44.222,-0.071,-1.186,-0.348,1.238,22.794,286.199,160.267,195.587,1,2,1,0,200,0,-41.846,1.987,-44.265
6.940,-41.981,1.901,-44.238,0.068,1.209,0.349,1.260,22.982,280.606,2.270,352.291,1,2,1,0,200,0,-41.846,1.988,-44.265
6.960,-41.988,1.860,-44.223,-0.068,-1.172,-0.361,1.228,22.881,286.085,160.180,195.674,1,2,1,0,200,0,-41.846,1.988,-44.265
6.980,-41.981,1.901,-44.238,0.069,1.191,0.352,1.244,22.786,280.496,2.325,352.224,1,2,1,0,200,0,-41.846,1.988,-44.265
7.000,-41.988,1.860,-44.223,-0.070,-1.174,-0.349,1.227,22.824,286.128,160.214,195.625,1,2,1,0,200,0,-41.846,1.988,-44.265
7.020,-41.981,1.901,-44.238,0.069,1.181,0.353,1.235,22.753,280.414,2.355,352.187,1,2,1,0,200,0,-41.846,1.988,-44.265
7.040,-41.988,1.861,-44.222,-0.070,-1.162,-0.344,1.214,22.737,286.110,160.193,195.634,1,2,1,0,200,0,-41.846,1.988,-44.265
7.060,-41.981,1.902,-44.238,0.068,1.188,0.354,1.241,22.731,280.406,2.341,352.196,1,2,1,0,200,0,-41.846,1.988,-44.265
7.080,-41.988,1.861,-44.222,-0.069,-1.185,-0.344,1.236,22.859,286.254,160.333,195.485,1,2,1,0,200,0,-41.846,1.988,-44.265
7.100,-41.981,1.901,-44.238,0.071,1.165,0.348,1.218,22.729,280.255,2.410,352.117,1,2,1,0,200,0,-41.846,1.988,-44.265
7.120,-41.988,1.860,-44.222,-0.067,-1.199,-0.339,1.248,22.790,286.322,160.403,195.390,1,2,1,0,200,0,-41.846,1.988,-44.265
7.140,-41.981,1.902,-44.238,0.070,1.211,0.345,1.261,23.064,280.565,2.106,352.409,1,2,1,0,200,0,-41.846,1.989,-44.265
7.160,-41.988,1.861,-44.222,-0.066,-1.179,-0.365,1.236,22.900,286.136,160.286,195.524,1,2,1,0,200,0,-41.846,1.988,-44.265
7.180,-41.980,1.901,-44.238,0.068,1.177,0.348,1.229,22.737,280.378,2.237,352.284,1,2,1,0,200,0,-41.846,1.987,-44.265
7.200,-41.988,1.860,-44.222,-0.070,-1.189,-0.344,1.240,22.806,286.214,160.348,195.451,1,2,1,0,200,0,-41.846,1.987,-44.265
7.220,-41.981,1.901,-44.238,0.066,1.170,0.349,1.223,22.780,280.348,2.247,352.279,1,2,1,0,200,0,-41.846,1.987,-44.265
7.240,-41.988,1.860,-44.222,-0.069,-1.163,-0.344,1.214,22.680,286.103,160.231,195.564,1,2,1,0,200,0,-41.846,1.988,-44.265
7.260,-41.981,1.902,-44.238,0.065,1.183,0.353,1.237,22.714,280.388,2.229,352.293,1,2,1,0,200,0,-41.846,1.988,-44.265
7.280,-41.988,1.860,-44.222,-0.069,-1.187,-0.343,1.237,22.846,286.250,160.360,195.432,1,2,1,0,200,0,-41.846,1.988,-44.265
7.300,-41.981,1.901,-44.238,0.068,1.180,0.346,1.231,22.815,280.352,2.256,352.266,1,2,1,0,200,0,-41.846,1.988,-44.265
7.320,-41.988,1.860,-44.222,-0.067,-1.192,-0.347,1.243,22.820,286.256,160.371,195.418,1,2,1,0,200,0,-41.846,1.988,-44.265
7.340,-41.981,1.902,-44.238,0.067,1.197,0.345,1.248,22.942,280.491,2.135,352.383,1,2,1,0,200,0,-41.846,1.988,-44.265
7.360,-41.988,1.860,-44.222,-0.066,-1.180,-0.357,1.234,22.849,286.151,160.290,195.505,1,2,1,0,200,0,-41.846,1.987,-44.265
7.380,-41.981,1.901,-44.238,0.067,1.178,0.348,1.230,22.761,280.390,2.208,352.309,1,2,1,0,200,0,-41.846,1.987,-44.265
7.400,-41.988,1.860,-44.222,-0.068,-1.182,-0.345,1.233,22.787,286.181,160.307,195.481,1,2,1,0,200,0,-41.846,1.987,-44.265
7.420,-41.981,1.901,-44.238,0.066,1.172,0.350,1.225,22.751,280.349,2.237,352.281,1,2,1,0,200,0,-41.846,1.987,-44.265
7.440,-41.988,1.861,-44.222,-0.068,-1.162,-0.343,1.214,22.690,286.114,160.230,195.554,1,2,1,0,200,0,-41.846,1.988,-44.265
7.460,-41.981,1.902,-44.238,0.065,1.180,0.352,1.234,22.695,280.354,2.247,352.269,1,2,1,0,200,0,-41.846,1.987,-44.265
7.480,-41.988,1.860,-44.222,-0.068,-1.187,-0.342,1.237,22.830,286.265,160.364,195.419,1,2,1,0,200,0,-41.846,1.987,-44.265
7.500,-41.981,1.902,-44.238,0.068,1.206,0.345,1.256,22.965,280.508,2.129,352.385,1,2,1,0,200,0,-41.846,1.988,-44.265
7.520,-41.988,1.861,-44.222,-0.065,-1.174,-0.359,1.229,22.862,286.150,160.276,195.513,1,2,1,0,200,0,-41.846,1.988,-44.265
7.540,-41.981,1.902,-44.238,0.068,1.181,0.348,1.233,22.743,280.371,2.222,352.287,1,2,1,0,200,0,-41.846,1.987,-44.265
7.560,-41.988,1.861,-44.222,-0.068,-1.188,-0.345,1.239,22.819,286.235,160.354,195.431,1,2,1,0,200,0,-41.846,1.987,-44.265
7.580,-41.981,1.902,-44.238,0.067,1.178,0.347,1.230,22.811,280.362,2.226,352.291,1,2,1,0,200,0,-41.846,1.988,-44.265
7.600,-41.988,1.861,-44.222,-0.067,-1.187,-0.347,1.239,22.799,286.222,160.340,195.442,1,2,1,0,200,0,-41.846,1.988,-44.265
7.620,-41.981,1.902,-44.238,0.067,1.174,0.347,1.226,22.789,280.350,2.228,352.287,1,2,1,0,200,0,-41.846,1.988,-44.265
7.640,-41.988,1.860,-44.222,-0.067,-1.193,-0.345,1.244,22.807,286.242,160.360,195.420,1,2,1,0,200,0,-41.846,1.988,-44.265
7.660,-41.981,1.901,-44.238,0.067,1.169,0.346,1.221,22.792,280.333,2.234,352.281,1,2,1,0,200,0,-41.846,1.987,-44.265
7.680,-41.988,1.860,-44.222,-0.067,-1.192,-0.345,1.243,22.780,286.229,160.348,195.430,1,2,1,0,200,0,-41.846,1.987,-44.265
7.700,-41.981,1.901,-44.238,0.067,1.176,0.347,1.228,22.832,280.392,2.183,352.328,1,2,1,0,200,0,-41.846,1.988,-44.265
7.720,-41.988,1.860,-44.222,-0.066,-1.192,-0.349,1.243,22.813,286.208,160.332,195.444,1,2,1,0,200,0,-41.846,1.988,-44.265
7.740,-41.981,1.900,-44.238,0.067,1.173,0.347,1.225,22.806,280.383,2.179,352.329,1,2,1,0,200,0,-41.846,1.987,-44.265
7.760,-41.988,1.859,-44.222,-0.065,-1.186,-0.347,1.237,22.777,286.175,160.296,195.470,1,2,1,0,200,0,-41.846,1.987,-44.265
7.780,-41.981,1.900,-44.238,0.067,1.180,0.349,1.233,22.816,280.426,2.120,352.376,1,2,1,0,200,0,-41.846,1.988,-44.265
7.800,-41.988,1.859,-44.222,-0.065,-1.183,-0.349,1.235,22.803,286.161,160.287,195.472,1,2,1,0,200,0,-41.846,1.988,-44.265
7.820,-41.980,1.900,-44.238,0.068,1.176,0.349,1.229,22.774,280.392,2.118,352.369,1,2,1,0,200,0,-41.846,1.987,-44.265
7.840,-41.988,1.860,-44.222,-0.065,-1.160,-0.346,1.212,22.697,286.075,160.204,195.544,1,2,1,0,200,0,-41.846,1.988,-44.265
7.860,-41.981,1.901,-44.238,0.064,1.190,0.353,1.243,22.730,280.431,2.084,352.408,1,2,1,0,200,0,-41.846,1.988,-44.265
7.880,-41.988,1.862,-44.222,-0.067,-1.073,-0.346,1.130,22.438,285.749,159.866,195.890,1,2,1,0,200,0,-41.846,1.991,-44.265
7.900,-41.981,1.907,-44.238,0.061,1.337,0.366,1.388,23.091,281.180,1.619,352.854,1,2,1,0,200,0,-41.846,1.991,-44.265
7.920,-41.988,1.870,-44.223,-0.064,-0.989,-0.388,1.064,22.792,285.416,159.521,196.269,1,2,1,0,200,0,-41.846,1.991,-44.265
7.940,-41.980,1.915,-44.238,0.066,1.381,0.372,1.432,22.826,281.222,1.674,352.780,1,2,1,0,200,0,-41.846,1.991,-44.265
7.960,-41.988,1.878,-44.223,-0.068,-0.976,-0.378,1.049,22.938,285.542,159.625,196.178,1,2,1,0,200,0,-41.846,1.991,-44.265
7.980,-41.934,1.922,-44.288,2.477,1.337,-2.233,3.593,15.586,276.400,59.996,292.890,1,2,1,0,200,0,-38.842,1.990,-47.044
8.000,-41.882,1.895,-44.315,3.346,-1.040,-3.145,4.708,32.529,306.394,152.750,204.981,1,2,1,0,200,0,-38.842,1.988,-47.044
8.020,-41.784,1.939,-44.414,4.928,1.431,-4.468,6.804,11.777,297.664,134.640,224.393,1,2,1,0,200,0,-38.842,1.988,-47.044
8.040,-41.690,1.945,-44.454,5.190,-0.587,-4.227,6.719,39.761,339.759,159.211,211.247,1,2,1,0,200,0,-38.842,1.988,-47.044
8.060,-41.568,2.002,-44.587,6.039,1.883,-6.272,8.909,14.609,331.023,149.174,226.468,1,2,1,0,200,0,-38.842,1.988,-47.044
8.080,-41.423,2.027,-44.670,6.736,-0.408,-5.651,8.802,41.045,11.843,173.284,224.587,1,2,1,0,200,0,-38.842,1.988,-47.044
8.100,-41.293,2.065,-44.826,5.727,0.351,-7.418,9.378,14.928,11.502,171.462,241.228,1,2,1,0,200,0,-38.842,1.987,-47.044
8.120,-41.135,2.075,-44.943,6.949,-0.442,-6.223,9.338,21.881,26.352,192.795,250.428,1,2,1,0,200,0,-38.842,1.987,-47.044
8.140,-40.998,2.073,-45.084,6.473,-0.453,-6.804,9.402,8.485,22.124,188.017,256.065,1,2,1,0,200,0,-38.842,1.987,-47.044
8.160,-40.838,2.079,-45.195,7.004,-0.220,-5.877,9.146,12.307,23.414,202.680,265.596,1,2,1,0,200,0,-38.842,1.987,-47.044
8.180,-40.707,2.068,-45.314,6.590,-0.511,-6.091,8.989,9.192,17.391,193.967,265.398,1,2,1,0,200,0,-38.842,1.988,-47.044
8.200,-40.557,2.075,-45.403,6.256,0.038,-4.923,7.961,13.556,14.639,209.306,273.728,1,2,1,0,200,0,-38.842,1.987,-47.044
8.220,-40.458,2.060,-45.501,5.423,-0.526,-5.115,7.474,12.594,8.771,195.834,271.104,1,2,1,0,200,0,-38.842,1.987,-47.044
8.240,-40.331,2.066,-45.565,4.994,0.167,-3.720,6.230,14.496,4.584,211.558,276.785,1,2,1,0,200,0,-38.842,1.988,-47.044
8.260,-40.259,2.064,-45.644,4.079,0.038,-4.091,5.777,13.983,0.177,196.202,277.577,1,2,1,0,200,0,-38.842,1.988,-47.044
8.280,-40.161,2.067,-45.687,3.768,0.286,-2.646,4.613,13.788,355.569,211.152,279.334,1,2,1,0,200,0,-38.842,1.988,-47.044
8.300,-40.117,2.064,-45.748,2.940,0.015,-3.137,4.299,14.174,352.684,195.096,280.305,1,2,1,0,200,0,-38.842,1.988,-47.044
8.320,-40.043,2.058,-45.773,2.759,-0.048,-1.779,3.283,13.362,348.465,210.009,278.428,1,2,1,0,200,0,-38.842,1.987,-47.044
8.340,-40.013,2.064,-45.821,2.075,0.277,-2.364,3.158,14.863,346.451,192.767,283.910,1,2,1,0,200,0,-38.842,1.988,-47.044
8.360,-39.959,2.046,-45.833,1.961,-0.449,-1.108,2.296,15.125,342.698,210.215,277.304,1,2,1,0,200,0,-38.842,1.988,-47.044
8.380,-39.944,2.059,-45.872,1.337,0.484,-1.783,2.280,18.170,341.742,188.734,287.785,1,2,1,0,200,0,-38.842,1.988,-47.044
8.400,-39.904,2.032,-45.872,1.294,-0.796,-0.537,1.611,19.034,337.951,211.273,276.090,1,2,1,0,200,0,-38.842,1.988,-47.044
8.420,-39.903,2.056,-45.905,0.616,0.815,-1.293,1.649,23.458,338.465,183.020,292.823,1,2,1,0,200,0,-38.842,1.988,-47.044
8.440,-39.876,2.018,-45.892,0.658,-1.157,-0.037,1.332,24.521,334.044,212.620,274.347,1,2,1,0,200,0,-38.842,1.988,-47.044
8.460,-39.892,2.046,-45.918,-0.068,0.872,-0.884,1.244,27.424,335.484,178.521,295.608,1,2,1,0,200,0,-38.842,1.987,-47.044
8.480,-39.874,2.008,-45.899,0.142,-1.121,0.339,1.179,25.383,330.325,210.257,275.639,1,2,1,0,200,0,-38.842,1.987,-47.044
8.500,-39.898,2.038,-45.917,-0.532,0.955,-0.469,1.189,26.683,333.025,176.247,298.374,1,2,1,0,200,0,-38.842,1.988,-47.044
8.520,-39.886,2.000,-45.895,-0.144,-1.141,0.552,1.276,25.315,327.387,208.628,276.721,1,2,1,0,200,0,-38.842,1.988,-47.044
8.540,-39.914,2.030,-45.906,-0.748,0.925,-0.178,1.203,25.710,330.975,175.144,300.236,1,2,1,0,200,0,-38.842,1.987,-47.044
8.560,-39.904,1.997,-45.884,-0.239,-0.913,0.667,1.156,22.807,324.805,204.944,280.431,1,2,1,0,200,0,-38.842,1.988,-47.044
8.580,-39.930,2.029,-45.890,-0.764,1.002,0.043,1.260,22.943,329.469,174.748,302.755,1,2,1,0,200,0,-38.842,1.988,-47.044
8.600,-39.921,2.000,-45.868,-0.201,-0.768,0.672,1.041,20.956,322.839,202.355,283.725,1,2,1,0,200,0,-38.842,1.988,-47.044
8.620,-39.943,2.032,-45.872,-0.663,1.037,0.132,1.238,20.932,328.202,174.566,304.828,1,2,1,0,200,0,-38.842,1.988,-47.044
8.640,-39.934,2.006,-45.852,-0.127,-0.631,0.637,0.906,19.588,321.165,200.511,286.423,1,2,1,0,200,0,-38.842,1.987,-47.044
8.660,-39.954,2.038,-45.855,-0.551,1.078,0.149,1.220,19.647,327.102,174.214,306.674,1,2,1,0,200,0,-38.842,1.987,-47.044
8.680,-39.945,2.002,-45.835,-0.075,-1.046,0.598,1.207,23.328,319.560,205.607,281.886,1,2,1,0,200,0,-38.842,1.987,-47.044
8.700,-39.969,2.034,-45.840,-0.551,0.946,0.042,1.096,23.961,326.198,172.437,306.780,1,2,1,0,200,0,-38.842,1.988,-47.044
8.720,-39.958,1.996,-45.821,-0.025,-1.150,0.563,1.281,23.491,318.704,204.690,281.839,1,2,1,0,200,0,-38.842,1.988,-47.044
8.740,-39.981,2.028,-45.829,-0.510,0.889,-0.007,1.025,23.999,325.671,171.306,307.460,1,2,1,0,200,0,-38.842,1.988,-47.044
8.760,-39.969,1.989,-45.811,0.001,-1.180,0.487,1.277,23.616,318.006,204.030,282.183,1,2,1,0,200,0,-38.842,1.987,-47.044
8.780,-39.990,2.021,-45.819,-0.468,0.886,-0.064,1.004,23.761,325.170,170.823,308.060,1,2,1,0,200,0,-38.842,1.988,-47.044
8.800,-39.977,1.982,-45.804,0.042,-1.161,0.417,1.234,23.643,317.307,203.829,282.464,1,2,1,0,200,0,-38.842,1.988,-47.044
8.820,-39.997,2.015,-45.813,-0.413,0.906,-0.118,1.002,23.689,324.700,170.529,308.635,1,2,1,0,200,0,-38.842,1.988,-47.044
8.840,-39.983,1.976,-45.798,0.088,-1.141,0.363,1.201,23.710,316.649,203.857,282.628,1,2,1,0,200,0,-38.842,1.987,-47.044
8.860,-40.002,2.010,-45.808,-0.360,0.934,-0.163,1.014,23.814,324.309,170.176,309.217,1,2,1,0,200,0,-38.842,1.987,-47.044
8.880,-39.987,1.971,-45.795,0.125,-1.109,0.325,1.162,23.824,316.035,203.861,282.784,1,2,1,0,200,0,-38.842,1.987,-47.044
8.900,-40.005,2.006,-45.805,-0.318,0.971,-0.195,1.040,23.910,323.942,169.849,309.742,1,2,1,0,200,0,-38.842,1.988,-47.044
8.920,-39.990,1.968,-45.792,0.153,-1.083,0.297,1.134,23.938,315.491,203.889,282.890,1,2,1,0,200,0,-38.842,1.988,-47.044
8.940,-40.008,2.003,-45.803,-0.286,0.988,-0.217,1.051,23.980,323.612,169.597,310.152,1,2,1,0,200,0,-38.842,1.987,-47.044
8.960,-39.992,1.965,-45.791,0.174,-1.074,0.279,1.123,24.020,315.038,203.934,282.946,1,2,1,0,200,0,-38.842,1.988,-47.044
8.980,-40.009,2.001,-45.802,-0.262,1.004,-0.231,1.063,24.096,323.353,169.326,310.537,1,2,1,0,200,0,-38.842,1.988,-47.044
9.000,-39.993,1.963,-45.790,0.187,-1.080,0.268,1.128,24.116,314.672,203.947,283.001,1,2,1,0,200,0,-38.842,1.987,-47.044
9.020,-40.010,1.999,-45.801,-0.247,0.977,-0.240,1.035,24.097,323.114,169.207,310.746,1,2,1,0,200,0,-38.842,1.987,-47.044
9.040,-39.994,1.961,-45.789,0.197,-1.076,0.260,1.124,24.106,314.348,203.944,283.065,1,2,1,0,200,0,-38.842,1.988,-47.044
9.060,-40.011,1.997,-45.800,-0.235,0.988,-0.244,1.045,24.178,322.934,168.986,311.055,1,2,1,0,200,0,-38.842,1.987,-47.044
9.080,-39.994,1.959,-45.789,0.201,-1.053,0.255,1.102,24.144,314.044,203.875,283.190,1,2,1,0,200,0,-38.842,1.988,-47.044
9.100,-40.022,2.019,-45.912,0.688,1.039,-4.946,5.101,50.000,338.986,139.859,318.195,1,2,1,0,200,0,-38.842,1.988,-47.044
9.120,-40.060,2.028,-46.121,0.043,-0.641,-7.637,7.664,31.322,349.212,114.485,300.755,1,2,1,0,200,0,-38.842,1.987,-47.044
9.140,-40.061,2.053,-46.322,0.333,1.297,-9.313,9.409,14.579,349.197,97.515,302.807,1,2,1,0,200,0,-38.842,1.988,-47.044
9.160,-40.057,2.047,-46.540,0.752,-0.037,-10.212,10.240,8.739,344.488,100.258,293.754,1,2,1,0,200,0,-38.842,1.987,-47.044
9.180,-40.043,2.054,-46.744,0.999,0.588,-10.390,10.455,4.274,340.989,97.633,296.871,1,2,1,0,200,0,-38.842,1.988,-47.044
9.200,-40.057,2.028,-46.844,-0.490,-0.292,-7.063,7.086,31.004,329.747,134.604,285.406,1,2,1,0,200,0,-38.842,1.988,-47.044
9.220,-40.060,2.040,-46.926,-1.022,0.922,-5.529,5.698,13.386,325.042,144.858,291.657,1,2,1,0,200,0,-38.842,1.987,-47.044
9.240,-40.081,2.019,-46.992,-1.459,-0.375,-4.059,4.330,14.507,320.048,164.874,279.973,1,2,1,0,200,0,-38.842,1.988,-47.044
9.260,-40.116,2.035,-47.057,-1.696,0.634,-3.145,3.629,14.902,319.634,143.689,299.270,1,2,1,0,200,0,-38.842,1.988,-47.044
9.280,-40.153,1.992,-47.080,-2.020,-1.285,-1.710,2.942,17.589,313.221,169.698,277.347,1,2,1,0,200,0,-38.842,1.988,-47.044
9.300,-40.203,2.021,-47.127,-2.040,0.702,-1.608,2.691,28.795,320.666,125.563,313.228,1,2,1,0,200,0,-38.842,1.988,-47.044
9.320,-40.247,1.975,-47.128,-2.241,-1.374,-0.579,2.692,21.045,310.070,155.696,287.225,1,2,1,0,200,0,-38.842,1.987,-47.044
9.340,-40.296,2.007,-47.158,-2.188,0.750,-0.863,2.469,24.933,320.819,118.389,317.847,1,2,1,0,200,0,-38.842,1.988,-47.044
9.360,-40.341,1.964,-47.154,-2.266,-1.229,-0.304,2.596,22.211,309.330,150.116,290.059,1,2,1,0,200,0,-38.842,1.988,-47.044
9.380,-40.389,1.997,-47.178,-2.204,0.824,-0.634,2.437,22.518,320.102,116.812,318.089,1,2,1,0,200,0,-38.842,1.987,-47.044
9.400,-40.432,1.957,-47.173,-2.258,-1.160,-0.230,2.549,22.595,309.053,149.894,289.191,1,2,1,0,200,0,-38.842,1.988,-47.044
9.420,-40.479,1.992,-47.195,-2.191,0.898,-0.583,2.439,22.724,319.953,116.211,317.818,1,2,1,0,200,0,-38.842,1.988,-47.044
9.440,-40.522,1.953,-47.189,-2.241,-1.107,-0.205,2.507,22.673,309.207,149.698,288.818,1,2,1,0,200,0,-38.842,1.988,-47.044
9.460,-40.568,1.989,-47.211,-2.170,0.954,-0.569,2.438,22.732,320.044,116.078,317.514,1,2,1,0,200,0,-38.842,1.988,-47.044
9.480,-40.610,1.958,-47.205,-2.218,-0.803,-0.194,2.367,19.996,309.935,145.065,293.257,1,2,1,0,200,0,-38.842,1.988,-47.044
9.500,-40.654,1.994,-47.225,-2.155,1.040,-0.524,2.450,19.904,320.162,116.573,317.893,1,2,1,0,200,0,-38.842,1.987,-47.044
9.520,-40.696,1.957,-47.218,-2.198,-1.002,-0.192,2.424,23.047,309.371,150.524,288.315,1,2,1,0,200,0,-38.842,1.988,-47.044
9.540,-40.742,1.995,-47.241,-2.123,1.026,-0.574,2.427,23.069,320.201,116.314,317.163,1,2,1,0,200,0,-38.842,1.988,-47.044
9.560,-40.783,1.957,-47.234,-2.174,-1.053,-0.170,2.421,22.822,309.766,150.046,288.233,1,2,1,0,200,0,-38.842,1.987,-47.044
9.580,-40.827,1.994,-47.257,-2.093,0.972,-0.569,2.377,22.930,320.454,116.253,316.813,1,2,1,0,200,0,-38.842,1.987,-47.044
9.600,-40.868,1.956,-47.249,-2.144,-1.062,-0.163,2.398,22.871,310.089,149.971,288.122,1,2,1,0,200,0,-38.842,1.988,-47.044
9.620,-40.911,1.992,-47.272,-2.060,0.968,-0.574,2.347,22.924,320.669,116.299,316.550,1,2,1,0,200,0,-38.842,1.987,-47.044
9.640,-40.951,1.955,-47.264,-2.111,-1.065,-0.156,2.370,22.938,310.353,150.037,287.990,1,2,1,0,200,0,-38.842,1.987,-47.044
9.660,-40.994,1.991,-47.287,-2.024,0.975,-0.581,2.320,23.028,320.887,116.296,316.376,1,2,1,0,200,0,-38.842,1.987,-47.044
9.680,-41.033,1.954,-47.279,-2.076,-1.062,-0.148,2.337,23.014,310.580,150.050,287.930,1,2,1,0,200,0,-38.842,1.988,-47.044
9.700,-41.075,1.990,-47.302,-1.985,0.980,-0.583,2.289,23.066,321.061,116.326,316.212,1,2,1,0,200,0,-38.842,1.987,-47.044
9.720,-41.113,1.953,-47.293,-2.038,-1.045,-0.135,2.295,23.078,310.748,150.105,287.872,1,1,1,0,100,0,-38.842,1.988,-47.044
9.740,-41.143,1.916,-47.284,-2.038,-1.241,-0.135,2.390,23.055,314.705,188.496,254.782,0,0,1,0,100,0,,,
9.760,-41.167,1.881,-47.277,-2.038,-1.438,-0.135,2.498,23.032,330.117,215.292,233.722,0,0,1,0,100,0,,,
9.780,-41.189,1.851,-47.274,-2.038,-1.634,-0.135,2.616,23.009,350.516,232.561,223.400,0,0,1,0,100,0,,,
9.800,-41.296,1.836,-47.289,-5.305,-0.497,-0.797,5.388,13.632,3.564,235.734,215.232,0,1,1,0,100,0,,,
9.820,-41.477,1.829,-47.319,-8.572,0.453,-1.461,8.707,11.078,10.740,231.353,205.149,0,1,1,0,100,0,,,
9.840,-41.726,1.828,-47.367,-11.844,1.009,-2.095,12.070,11.381,12.926,222.930,193.542,0,1,1,0,100,0,,,
9.860,-41.970,1.821,-47.418,-11.844,0.812,-2.095,12.056,11.369,13.387,214.194,181.684,0,0,1,0,100,0,,,
9.880,-42.210,1.812,-47.472,-11.844,0.616,-2.095,12.044,11.358,12.095,205.568,169.923,0,0,1,0,100,0,,,
9.900,-42.444,1.800,-47.528,-11.844,0.420,-2.095,12.035,11.346,9.144,197.454,158.579,0,0,1,0,100,0,,,
9.920,-42.674,1.786,-47.587,-11.844,0.224,-2.095,12.030,11.335,4.725,190.145,147.859,0,0,1,0,100,0,,,
9.940,-42.900,1.772,-47.646,-11.844,0.028,-2.095,12.028,11.324,359.077,183.806,137.822,0,0,1,0,100,0,,,
9.960,-43.122,1.759,-47.706,-11.844,-0.169,-2.095,12.029,11.312,352.447,178.507,128.398,0,0,1,0,100,0,,,
9.980,-43.341,1.746,-47.764,-11.844,-0.365,-2.095,12.034,11.301,345.064,174.273,119.419,0,0,1,0,100,0,,,
10.000,-43.557,1.735,-47.821,-11.844,-0.561,-2.095,12.041,11.290,337.139,171.143,110.639,0,0,1,0,100,0,,,
10.020,-43.773,1.724,-47.876,-11.844,-0.757,-2.095,12.052,11.279,328.861,169.227,101.725,0,0,1,0,100,0,,,
10.040,-43.988,1.715,-47.927,-11.844,-0.953,-2.095,12.066,11.267,320.425,168.786,92.204,0,0,1,0,100,0,,,
10.060,-44.205,1.705,-47.975,-11.844,-1.150,-2.095,12.083,11.256,312.067,170.358,81.346,0,0,1,0,100,0,,,
10.080,-44.424,1.696,-48.019,-11.844,-1.346,-2.095,12.103,11.245,304.137,174.999,67.927,0,0,1,0,100,0,,,
10.100,-44.646,1.685,-48.059,-11.844,-1.542,-2.095,12.127,11.233,297.270,184.600,49.905,0,0,1,0,100,0,,,
10.120,-44.871,1.672,-48.096,-11.844,-1.738,-2.095,12.153,11.222,292.657,201.376,24.927,0,0,1,0,100,0,,,
10.140,-45.101,1.655,-48.128,-11.844,-1.934,-2.095,12.183,11.211,291.873,223.574,354.618,0,0,1,0,100,0,,,
10.160,-45.335,1.634,-48.158,-11.844,-2.131,-2.095,12.215,11.200,295.282,242.873,327.179,0,0,1,0,100,0,,,
10.180,-45.575,1.608,-48.185,-11.844,-2.327,-2.095,12.251,11.189,301.491,254.808,306.946,0,0,1,0,100,0,,,
10.200,-45.819,1.575,-48.211,-11.844,-2.523,-2.095,12.290,11.177,309.088,260.948,292.223,0,0,1,0,100,0,,,
10.220,-46.067,1.535,-48.235,-11.844,-2.719,-2.095,12.332,11.166,317.276,263.475,280.687,0,0,1,0,100,0,,,
10.240,-46.318,1.486,-48.260,-11.844,-2.915,-2.095,12.376,11.155,325.633,263.708,270.862,0,0,1,0,100,0,,,
10.260,-46.573,1.429,-48.285,-11.844,-3.112,-2.095,12.424,11.144,333.901,262.340,261.883,0,0,1,0,100,0,,,
10.280,-46.830,1.363,-48.312,-11.844,-3.308,-2.095,12.475,11.133,341.881,259.713,253.214,0,0,1,0,100,0,,,
10.300,-47.088,1.289,-48.342,-11.844,-3.504,-2.095,12.528,11.122,349.396,255.990,244.490,0,0,1,0,100,0,,,
10.320,-47.346,1.206,-48.374,-11.844,-3.700,-2.095,12.584,11.111,356.257,251.233,235.445,0,0,1,0,100,0,,,
10.340,-47.603,1.114,-48.410,-11.844,-3.896,-2.095,12.643,11.099,2.261,245.473,225.889,0,0,1,0,100,0,,,
10.360,-47.858,1.016,-48.449,-11.844,-4.093,-2.095,12.705,11.088,7.183,238.753,215.714,0,0,1,0,100,0,,,
10.380,-48.110,0.910,-48.493,-11.844,-4.289,-2.095,12.770,11.077,10.801,231.188,204.917,0,0,1,0,100,0,,,
10.400,-48.358,0.800,-48.540,-11.844,-4.485,-2.095,12.837,11.066,12.916,222.993,193.629,0,0,1,0,100,0,,,
10.420,-48.603,0.684,-48.590,-11.844,-4.681,-2.095,12.907,11.055,13.401,214.500,182.099,0,0,1,0,100,0,,,
10.440,-48.842,0.565,-48.644,-11.844,-4.877,-2.095,12.979,11.044,12.226,206.097,170.650,0,0,1,0,100,0,,,
10.460,-49.078,0.443,-48.700,-11.844,-5.074,-2.095,13.054,11.033,9.474,198.157,159.580,0,0,1,0,100,0,,,
10.480,-49.308,0.320,-48.758,-11.844,-5.270,-2.095,13.132,11.022,5.316,190.959,149.088,0,0,1,0,100,0,,,
10.500,-49.535,0.196,-48.817,-11.844,-5.466,-2.095,13.212,11.011,359.968,184.667,139.244,0,0,1,0,100,0,,,
10.520,-49.635,0.237,-48.840,-7.965,2.060,-1.726,8.406,26.570,8.780,182.291,109.883,0,0,1,0,100,0,,,
10.540,-49.742,0.304,-48.865,-7.965,1.863,-1.726,8.361,26.543,14.772,176.757,79.402,0,0,1,0,100,0,,,
10.560,-49.871,0.390,-48.894,-7.965,1.667,-1.726,8.319,26.517,17.113,168.726,47.873,0,0,1,0,100,0,,,
10.580,-50.031,0.481,-48.931,-7.965,1.471,-1.726,8.282,26.490,15.065,160.611,16.330,0,0,1,0,100,0,,,
10.600,-50.220,0.559,-48.973,-7.965,1.275,-1.726,8.249,26.464,9.297,154.861,345.853,0,0,1,0,100,0,,,
10.620,-50.431,0.610,-49.019,-7.965,1.079,-1.726,8.221,26.437,1.502,152.860,316.433,0,0,1,0,100,0,,,
10.640,-50.650,0.626,-49.065,-7.965,0.882,-1.726,8.198,26.411,353.739,154.941,287.144,0,0,1,0,100,0,,,
10.660,-50.860,0.608,-49.109,-7.965,0.686,-1.726,8.179,26.385,348.026,160.658,257.063,0,0,1,0,100,0,,,
10.680,-51.048,0.565,-49.148,-7.965,0.490,-1.726,8.165,26.358,345.974,168.617,226.126,0,0,1,0,100,0,,,
10.700,-51.206,0.510,-49.181,-7.965,0.294,-1.726,8.155,26.332,348.201,176.515,195.244,0,0,1,0,100,0,,,
10.720,-51.334,0.461,-49.208,-7.965,0.098,-1.726,8.151,26.305,354.015,182.087,165.296,0,0,1,0,100,0,,,
10.740,-51.441,0.431,-49.231,-7.965,-0.099,-1.726,8.151,26.279,1.778,184.013,136.169,0,0,1,0,100,0,,,
10.760,-51.541,0.427,-49.253,-7.965,-0.295,-1.726,8.156,26.253,9.487,181.904,106.934,0,0,1,0,100,0,,,
10.780,-51.641,0.447,-49.276,0.000,-0.491,-1.726,1.794,26.227,14.801,176.709,79.193,0,0,1,0,100,0,,,
10.800,-51.602,0.473,-49.315,1.119,0.846,-1.505,2.058,9.142,16.161,181.064,73.255,0,0,1,0,100,0,,,
10.820,-51.573,0.478,-49.346,1.047,0.466,-0.976,1.505,8.043,7.608,182.320,67.104,0,0,1,0,100,0,,,
10.840,-51.543,0.485,-49.380,1.047,0.269,-0.976,1.456,8.035,0.902,185.858,62.133,0,0,1,0,100,0,,,
10.860,-51.534,0.479,-49.385,0.492,-0.266,-0.452,0.719,4.865,358.121,181.727,59.984,0,0,1,0,100,0,,,
10.880,-51.528,0.476,-49.387,0.286,-0.269,-0.217,0.448,1.230,358.928,180.794,59.179,0,0,1,0,100,0,,,
10.900,-51.522,0.469,-49.389,0.286,-0.465,-0.217,0.587,1.229,359.789,180.161,58.268,0,0,1,0,100,0,,,
10.920,-51.518,0.460,-49.389,0.201,-0.477,-0.048,0.520,0.193,359.912,180.027,58.232,0,0,1,0,100,0,,,
10.940,-51.514,0.447,-49.389,0.188,-0.631,-0.011,0.658,0.046,359.969,180.000,58.223,0,0,1,0,100,0,,,
10.960,-51.510,0.431,-49.389,0.186,-0.817,-0.002,0.838,0.011,359.991,179.999,58.220,0,0,1,0,100,0,,,
10.980,-51.507,0.411,-49.389,0.186,-1.011,-0.001,1.028,0.003,-0.003,179.999,58.220,0,0,1,0,100,0,,,
11.000,-51.503,0.387,-49.389,0.186,-1.207,0.000,1.221,0.001,-0.001,180.000,58.220,0,0,1,0,100,0,,,
11.020,-51.499,0.359,-49.389,0.186,-1.403,0.000,1.415,0.000,0.000,180.000,58.219,0,0,1,0,100,0,,,
11.040,-51.496,0.327,-49.389,0.185,-1.599,0.000,1.610,0.000,0.000,180.000,58.219,0,0,1,0,100,0,,,
11.060,-51.492,0.291,-49.389,0.185,-1.795,0.000,1.805,0.000,0.000,180.000,58.219,0,0,1,0,100,0,,,
11.080,-51.488,0.251,-49.389,0.185,-1.991,0.000,2.000,0.000,0.000,180.000,58.219,0,0,1,0,100,0,,,
11.100,-51.488,0.249,-49.388,0.011,-0.081,0.121,0.146,0.448,359.529,180.321,58.264,0,0,1,0,100,0,,,
11.120,-51.487,0.248,-49.387,0.022,-0.002,0.089,0.092,0.303,359.192,180.395,58.353,0,0,1,0,100,0,,,
11.140,-51.487,0.248,-49.386,0.030,0.006,0.067,0.073,0.234,358.955,180.333,58.454,0,0,1,0,100,0,,,
11.160,-51.487,0.248,-49.385,0.037,0.004,0.046,0.059,0.208,358.796,180.199,58.576,0,0,1,0,100,0,,,
11.180,-51.486,0.248,-49.384,0.044,0.001,0.024,0.050,0.191,358.713,180.053,58.728,0,0,1,0,100,0,,,
11.200,-51.485,0.247,-49.384,0.052,-0.003,0.002,0.052,0.187,358.710,179.929,58.911,0,0,1,0,100,0,,,
11.220,-51.484,0.247,-49.384,0.060,-0.006,-0.019,0.064,0.209,358.786,179.835,59.121,0,0,1,0,100,0,,,
11.240,-51.483,0.246,-49.384,0.069,-0.010,-0.041,0.081,0.257,358.939,179.774,59.367,0,0,1,0,100,0,,,
11.260,-51.482,0.246,-49.385,0.078,-0.014,-0.064,0.102,0.320,359.174,179.744,59.650,0,0,1,0,100,0,,,
11.280,-51.481,0.245,-49.387,0.088,-0.020,-0.086,0.125,0.391,359.488,179.742,59.967,0,0,1,0,100,0,,,
11.300,-51.479,0.244,-49.388,0.086,-0.018,-0.084,0.122,0.385,359.779,179.817,60.288,0,0,1,0,100,0,,,
11.320,-51.478,0.244,-49.389,0.056,-0.012,-0.052,0.077,0.263,359.961,179.968,60.483,0,0,1,0,100,0,,,
11.340,-51.478,0.244,-49.389,0.008,-0.002,-0.010,0.013,0.046,-0.003,180.006,60.512,0,0,1,0,100,0,,,
11.360,-51.478,0.244,-49.389,0.000,0.000,0.005,0.005,0.021,359.974,180.014,60.512,0,0,1,0,100,0,,,
11.380,-51.478,0.244,-49.389,0.001,0.001,0.013,0.013,0.045,359.915,180.024,60.524,0,0,1,0,100,0,,,
11.400,-51.478,0.244,-49.389,0.002,0.000,0.014,0.014,0.047,359.854,180.033,60.541,0,0,1,0,100,0,,,
11.420,-51.478,0.244,-49.389,0.004,-0.001,0.011,0.011,0.037,359.806,180.036,60.563,0,0,1,0,100,0,,,
11.440,-51.478,0.244,-49.389,0.007,-0.002,0.005,0.009,0.028,359.781,180.032,60.595,0,0,1,0,100,0,,,
11.460,-51.478,0.243,-49.389,0.011,-0.003,-0.001,0.011,0.038,359.776,180.015,60.634,0,0,1,0,100,0,,,
11.480,-51.477,0.243,-49.389,0.014,-0.004,-0.005,0.015,0.049,359.787,179.996,60.682,0,0,1,0,100,0,,,
11.500,-51.477,0.243,-49.389,0.015,-0.004,-0.007,0.017,0.051,359.805,179.987,60.734,0,0,1,0,100,0,,,
11.520,-51.477,0.243,-49.389,0.014,-0.004,-0.007,0.016,0.049,359.823,179.995,60.786,0,0,1,0,100,0,,,
11.540,-51.477,0.243,-49.389,0.013,-0.004,-0.006,0.014,0.047,359.838,180.008,60.837,0,0,1,0,100,0,,,
11.560,-51.477,0.243,-49.389,0.011,-0.003,-0.004,0.012,0.041,359.844,180.036,60.875,0,0,1,0,100,0,,,
11.580,-51.476,0.243,-49.389,0.009,-0.002,-0.002,0.009,0.034,359.844,180.062,60.909,0,0,1,0,100,0,,,
11.600,-51.476,0.243,-49.389,0.000,0.000,0.000,0.000,0.000,359.844,180.062,60.909,0,0,1,0,100,0,,,
11.620,-51.476,0.243,-49.389,0.000,0.000,0.000,0.000,0.000,359.844,180.062,60.909,0,0,1,0,100,0,,,
11.640,-51.476,0.243,-49.389,0.000,0.000,0.000,0.000,0.000,359.844,180.062,60.909,0,0,1,0,100,0,,,
11.660,-51.476,0.243,-49.389,0.000,0.000,0.000,0.000,0.000,359.844,180.062,60.909,0,0,1,0,100,0,,,
11.680,-51.476,0.243,-49.389,0.000,0.000,0.000,0.000,0.000,359.844,180.062,60.909,0,0,1,0,100,0,,,
11.700,-51.476,0.243,-49.389,0.000,0.000,0.000,0.000,0.000,359.844,180.062,60.909,0,0,1,0,100,0,,,
11.720,-51.476,0.243,-49.389,0.000,0.000,0.000,0.000,0.000,359.844,180.062,60.909,0,0,1,0,100,0,,,
11.740,-51.476,0.243,-49.389,0.000,0.000,0.000,0.000,0.000,359.844,180.062,60.909,0,0,1,0,100,0,,,
11.760,-51.476,0.243,-49.389,0.000,0.000,0.000,0.000,0.000,359.844,180.062,60.909,0,0,1,0,100,0,,,
11.780,-51.476,0.243,-49.389,0.000,0.000,0.000,0.000,0.000,359.844,180.062,60.909,0,0,1,0,100,0,,,
11.800,-51.476,0.243,-49.389,0.000,0.000,0.000,0.000,0.000,359.844,180.062,60.909,0,0,1,0,100,0,,,
11.820,-51.476,0.243,-49.389,0.000,0.000,0.000,0.000,0.000,359.844,180.062,60.909,0,0,1,0,100,0,,,
11.840,-51.476,0.243,-49.389,0.000,0.000,0.000,0.000,0.000,359.844,180.062,60.909,0,0,1,0,100,0,,,
11.860,-51.476,0.243,-49.389,0.000,0.000,0.000,0.000,0.000,359.844,180.062,60.909,0,0,1,0,100,0,,,
11.880,-51.476,0.243,-49.389,0.000,0.000,0.000,0.000,0.000,359.844,180.062,60.909,0,0,1,0,100,0,,,
11.900,-51.476,0.243,-49.389,0.000,0.000,0.000,0.000,0.000,359.844,180.062,60.909,0,0,1,0,100,0,,,
11.920,-51.476,0.243,-49.389,0.000,0.000,0.000,0.000,0.000,359.844,180.062,60.909,0,0,1,0,100,0,,,
11.940,-51.476,0.243,-49.389,0.000,0.000,0.000,0.000,0.000,359.844,180.062,60.909,0,0,1,0,100,0,,,
11.960,-51.476,0.243,-49.389,0.000,0.000,0.000,0.000,0.000,359.844,180.062,60.909,0,0,1,0,100,0,,,
11.980,-51.476,0.243,-49.389,0.000,0.000,0.000,0.000,0.000,359.844,180.062,60.909,0,0,1,0,100,0,,,
12.000,-51.476,0.243,-49.389,0.000,0.000,0.000,0.000,0.000,359.844,180.062,60.909,0,0,1,0,100,0,,,
12.020,-51.476,0.243,-49.389,0.000,0.000,0.000,0.000,0.000,359.844,180.062,60.909,0,0,1,0,100,0,,,
12.040,-51.476,0.243,-49.389,0.000,0.000,0.000,0.000,0.000,359.844,180.062,60.909,0,0,1,0,100,0,,,
12.060,-51.476,0.243,-49.389,0.000,0.000,0.000,0.000,0.000,359.844,180.062,60.909,0,0,1,0,100,0,,,
12.080,-51.476,0.243,-49.389,0.000,0.000,0.000,0.000,0.000,359.844,180.062,60.909,0,0,1,0,100,0,,,
12.100,-51.476,0.243,-49.389,0.000,0.000,0.000,0.000,0.000,359.844,180.062,60.909,0,0,1,0,100,0,,,
12.120,-51.476,0.243,-49.389,0.000,0.000,0.000,0.000,0.000,359.844,180.062,60.909,0,0,1,0,100,0,,,
12.140,-51.476,0.243,-49.389,0.000,0.000,0.000,0.000,0.000,359.844,180.062,60.909,0,0,1,0,100,0,,,
12.160,-51.476,0.243,-49.389,0.000,0.000,0.000,0.000,0.000,359.844,180.062,60.909,0,0,1,0,100,0,,,
12.180,-51.476,0.243,-49.389,0.000,0.000,0.000,0.000,0.000,359.844,180.062,60.909,0,0,1,0,100,0,,,
12.200,-51.476,0.243,-49.389,0.000,0.000,0.000,0.000,0.000,359.844,180.062,60.909,0,0,1,0,100,0,,,
12.220,-51.476,0.243,-49.389,0.000,0.000,0.000,0.000,0.000,359.844,180.062,60.909,0,0,1,0,100,0,,,
12.240,-51.476,0.243,-49.389,0.000,0.000,0.000,0.000,0.000,359.844,180.062,60.909,0,0,1,0,100,0,,,
12.260,-51.476,0.243,-49.389,0.000,0.000,0.000,0.000,0.000,359.844,180.062,60.909,0,0,1,0,100,0,,,
12.280,-51.476,0.243,-49.389,0.000,0.000,0.000,0.000,0.000,359.844,180.062,60.909,0,0,1,0,100,0,,,
12.300,-51.476,0.243,-49.389,0.000,0.000,0.000,0.000,0.000,359.844,180.062,60.909,0,0,1,0,100,0,,,
12.320,-51.476,0.243,-49.389,0.000,0.000,0.000,0.000,0.000,359.844,180.062,60.909,0,0,1,0,100,0,,,
12.340,-51.476,0.243,-49.389,0.000,0.000,0.000,0.000,0.000,359.844,180.062,60.909,0,0,1,0,100,0,,,
12.360,-51.476,0.243,-49.389,0.000,0.000,0.000,0.000,0.000,359.844,180.062,60.909,0,0,1,0,100,0,,,
12.380,-51.476,0.243,-49.389,0.000,0.000,0.000,0.000,0.000,359.844,180.062,60.909,0,0,1,0,100,0,,,
12.400,-51.476,0.243,-49.389,0.000,0.000,0.000,0.000,0.000,359.844,180.062,60.909,0,0,1,0,100,0,,,
12.420,-51.476,0.243,-49.389,0.000,0.000,0.000,0.000,0.000,359.844,180.062,60.909,0,0,1,0,100,0,,,
12.440,-51.476,0.243,-49.389,0.000,0.000,0.000,0.000,0.000,359.844,180.062,60.909,0,0,1,0,100,0,,,
12.460,-51.476,0.243,-49.389,0.000,0.000,0.000,0.000,0.000,359.844,180.062,60.909,0,0,1,0,100,0,,,
12.480,-51.476,0.243,-49.389,0.000,0.000,0.000,0.000,0.000,359.844,180.062,60.909,0,0,1,0,100,0,,,
12.500,-51.476,0.243,-49.389,0.000,0.000,0.000,0.000,0.000,359.844,180.062,60.909,0,0,1,0,100,0,,,
12.520,-51.476,0.243,-49.389,0.000,0.000,0.000,0.000,0.000,359.844,180.062,60.909,0,0,1,0,100,0,,,
12.540,-51.476,0.243,-49.389,0.000,0.000,0.000,0.000,0.000,359.844,180.062,60.909,0,0,1,0,100,0,,,
12.560,-51.476,0.243,-49.389,0.000,0.000,0.000,0.000,0.000,359.844,180.062,60.909,0,0,1,0,100,0,,,
12.580,-51.476,0.243,-49.389,0.000,0.000,0.000,0.000,0.000,359.844,180.062,60.909,0,0,1,0,100,0,,,
12.600,-51.476,0.243,-49.389,0.000,0.000,0.000,0.000,0.000,359.844,180.062,60.909,0,0,1,0,100,0,,,
12.620,-51.476,0.243,-49.389,0.000,0.000,0.000,0.000,0.000,359.844,180.062,60.909,0,0,1,0,100,0,,,
12.640,-51.476,0.243,-49.389,0.000,0.000,0.000,0.000,0.000,359.844,180.062,60.909,0,0,1,0,100,0,,,
12.660,-51.476,0.243,-49.389,0.000,0.000,0.000,0.000,0.000,359.844,180.062,60.909,0,0,1,0,100,0,,,
12.680,-51.476,0.243,-49.389,0.000,0.000,0.000,0.000,0.000,359.844,180.062,60.909,0,0,1,0,100,0,,,
12.700,-51.476,0.243,-49.389,0.000,0.000,0.000,0.000,0.000,359.844,180.062,60.909,0,0,1,0,100,0,,,
12.720,-51.476,0.243,-49.389,0.000,0.000,0.000,0.000,0.000,359.844,180.062,60.909,0,0,1,0,100,0,,,
12.740,-51.476,0.243,-49.389,0.000,0.000,0.000,0.000,0.000,359.844,180.062,60.909,0,0,1,0,100,0,,,
12.760,-51.476,0.243,-49.389,0.000,0.000,0.000,0.000,0.000,359.844,180.062,60.909,0,0,1,0,100,0,,,
12.780,-51.476,0.243,-49.389,0.000,0.000,0.000,0.000,0.000,359.844,180.062,60.909,0,0,1,0,100,0,,,
12.800,-51.476,0.243,-49.389,0.000,0.000,0.000,0.000,0.000,359.844,180.062,60.909,0,0,1,0,100,0,,,
12.820,-51.476,0.243,-49.389,0.000,0.000,0.000,0.000,0.000,359.844,180.062,60.909,0,0,1,0,100,0,,,
12.840,-51.476,0.243,-49.389,0.000,0.000,0.000,0.000,0.000,359.844,180.062,60.909,0,0,1,0,100,0,,,
12.860,-51.476,0.243,-49.389,0.000,0.000,0.000,0.000,0.000,359.844,180.062,60.909,0,0,1,0,100,0,,,
12.880,-51.476,0.243,-49.389,0.000,0.000,0.000,0.000,0.000,359.844,180.062,60.909,0,0,1,0,100,0,,,
12.900,-51.476,0.243,-49.389,0.000,0.000,0.000,0.000,0.000,359.844,180.062,60.909,0,0,1,0,100,0,,,
12.920,-51.476,0.243,-49.389,0.000,0.000,0.000,0.000,0.000,359.844,180.062,60.909,0,0,1,0,100,0,,,
12.940,-51.476,0.243,-49.389,0.000,0.000,0.000,0.000,0.000,359.844,180.062,60.909,0,0,1,0,100,0,,,
12.960,-51.476,0.243,-49.389,0.000,0.000,0.000,0.000,0.000,359.844,180.062,60.909,0,0,1,0,100,0,,,
12.980,-51.476,0.243,-49.389,0.000,0.000,0.000,0.000,0.000,359.844,180.062,60.909,0,0,1,0,100,0,,,
13.000,-51.476,0.243,-49.389,0.000,0.000,0.000,0.000,0.000,359.844,180.062,60.909,0,0,1,0,100,0,,,
13.020,-51.476,0.243,-49.389,0.000,0.000,0.000,0.000,0.000,359.844,180.062,60.909,0,0,1,0,100,0,,,
13.040,-51.476,0.243,-49.389,0.000,0.000,0.000,0.000,0.000,359.844,180.062,60.909,0,0,1,0,100,0,,,
13.060,-51.476,0.243,-49.389,0.000,0.000,0.000,0.000,0.000,359.844,180.062,60.909,0,0,1,0,100,0,,,
13.080,-51.476,0.243,-49.389,0.000,0.000,0.000,0.000,0.000,359.844,180.062,60.909,0,0,1,0,100,0,,,
13.100,-51.476,0.243,-49.389,0.000,0.000,0.000,0.000,0.000,359.844,180.062,60.909,0,0,1,0,100,0,,,
13.120,-51.476,0.243,-49.389,0.000,0.000,0.000,0.000,0.000,359.844,180.062,60.909,0,0,1,0,100,0,,,
13.140,-51.476,0.243,-49.389,0.000,0.000,0.000,0.000,0.000,359.844,180.062,60.909,0,0,1,0,100,0,,,
13.160,-51.476,0.243,-49.389,0.000,0.000,0.000,0.000,0.000,359.844,180.062,60.909,0,0,1,0,100,0,,,
13.180,-51.476,0.243,-49.389,0.000,0.000,0.000,0.000,0.000,359.844,180.062,60.909,0,0,1,0,100,0,,,
13.200,-51.476,0.243,-49.389,0.000,0.000,0.000,0.000,0.000,359.844,180.062,60.909,0,0,1,0,100,0,,,
13.220,-51.476,0.243,-49.389,0.000,0.000,0.000,0.000,0.000,359.844,180.062,60.909,0,0,1,0,100,0,,,
13.240,-51.476,0.243,-49.389,0.000,0.000,0.000,0.000,0.000,359.844,180.062,60.909,0,0,1,0,100,0,,,
13.260,-51.476,0.243,-49.389,0.000,0.000,0.000,0.000,0.000,359.844,180.062,60.909,0,0,1,0,100,0,,,
13.280,-51.476,0.243,-49.389,0.000,0.000,0.000,0.000,0.000,359.844,180.062,60.909,0,0,1,0,100,0,,,
13.300,-51.476,0.243,-49.389,0.000,0.000,0.000,0.000,0.000,359.844,180.062,60.909,0,0,1,0,100,0,,,
13.320,-51.476,0.243,-49.389,0.000,0.000,0.000,0.000,0.000,359.844,180.062,60.909,0,0,1,0,100,0,,,
13.340,-51.476,0.243,-49.389,0.000,0.000,0.000,0.000,0.000,359.844,180.062,60.909,0,0,1,0,100,0,,,
13.360,-51.476,0.243,-49.389,0.000,0.000,0.000,0.000,0.000,359.844,180.062,60.909,0,0,1,0,100,0,,,
13.380,-51.476,0.243,-49.389,0.000,0.000,0.000,0.000,0.000,359.844,180.062,60.909,0,0,1,0,100,0,,,
13.400,-51.476,0.243,-49.389,0.000,0.000,0.000,0.000,0.000,359.844,180.062,60.909,0,0,1,0,100,0,,,
13.420,-51.476,0.243,-49.389,0.000,0.000,0.000,0.000,0.000,359.844,180.062,60.909,0,0,1,0,100,0,,,
13.440,-51.476,0.243,-49.389,0.000,0.000,0.000,0.000,0.000,359.844,180.062,60.909,0,0,1,0,100,0,,,
13.460,-51.476,0.243,-49.389,0.000,0.000,0.000,0.000,0.000,359.844,180.062,60.909,0,0,1,0,100,0,,,
13.480,-51.476,0.243,-49.389,0.000,0.000,0.000,0.000,0.000,359.844,180.062,60.909,0,0,1,0,100,0,,,
13.500,-51.476,0.243,-49.389,0.000,0.000,0.000,0.000,0.000,359.844,180.062,60.909,0,0,1,0,100,0,,,
13.520,-51.476,0.243,-49.389,0.000,0.000,0.000,0.000,0.000,359.844,180.062,60.909,0,0,1,0,100,0,,,
13.540,-51.476,0.243,-49.389,0.000,0.000,0.000,0.000,0.000,359.844,180.062,60.909,0,0,1,0,100,0,,,
13.560,-51.476,0.243,-49.389,0.000,0.000,0.000,0.000,0.000,359.844,180.062,60.909,0,0,1,0,100,0,,,
13.580,-51.476,0.243,-49.389,0.000,0.000,0.000,0.000,0.000,359.844,180.062,60.909,0,0,1,0,100,0,,,
13.600,-51.476,0.243,-49.389,0.000,0.000,0.000,0.000,0.000,359.844,180.062,60.909,0,0,1,0,100,0,,,
13.620,-51.476,0.243,-49.389,0.000,0.000,0.000,0.000,0.000,359.844,180.062,60.909,0,0,1,0,100,0,,,
13.640,-51.476,0.243,-49.389,0.000,0.000,0.000,0.000,0.000,359.844,180.062,60.909,0,0,1,0,100,0,,,
13.660,-51.476,0.243,-49.389,0.000,0.000,0.000,0.000,0.000,359.844,180.062,60.909,0,0,1,0,100,0,,,
13.680,-51.476,0.243,-49.389,0.000,0.000,0.000,0.000,0.000,359.844,180.062,60.909,0,0,1,0,100,0,,,
13.700,-51.476,0.243,-49.389,0.000,0.000,0.000,0.000,0.000,359.844,180.062,60.909,0,0,1,0,100,0,,,
13.720,-51.476,0.243,-49.389,0.000,0.000,0.000,0.000,0.000,359.844,180.062,60.909,0,0,1,0,100,0,,,
13.740,-51.476,0.243,-49.389,0.000,0.000,0.000,0.000,0.000,359.844,180.062,60.909,0,0,1,0,100,0,,,
13.760,-51.476,0.243,-49.389,0.000,0.000,0.000,0.000,0.000,359.844,180.062,60.909,0,0,1,0,100,0,,,
13.780,-51.476,0.243,-49.389,0.000,0.000,0.000,0.000,0.000,359.844,180.062,60.909,0,0,1,0,100,0,,,
13.800,-51.476,0.243,-49.389,0.000,0.000,0.000,0.000,0.000,359.844,180.062,60.909,0,0,1,0,100,0,,,
13.820,-51.476,0.243,-49.389,0.000,0.000,0.000,0.000,0.000,359.844,180.062,60.909,0,0,1,0,100,0,,,
13.840,-51.476,0.243,-49.389,0.000,0.000,0.000,0.000,0.000,359.844,180.062,60.909,0,0,1,0,100,0,,,
13.860,-51.476,0.243,-49.389,0.000,0.000,0.000,0.000,0.000,359.844,180.062,60.909,0,0,1,0,100,0,,,
13.880,-51.476,0.243,-49.389,0.000,0.000,0.000,0.000,0.000,359.844,180.062,60.909,0,0,1,0,100,0,,,
13.900,-51.476,0.243,-49.389,0.000,0.000,0.000,0.000,0.000,359.844,180.062,60.909,0,0,1,0,100,0,,,
13.920,-51.476,0.243,-49.389,0.000,0.000,0.000,0.000,0.000,359.844,180.062,60.909,0,0,1,0,100,0,,,
13.940,-51.476,0.243,-49.389,0.000,0.000,0.000,0.000,0.000,359.844,180.062,60.909,0,0,1,0,100,0,,,
13.960,-51.476,0.243,-49.389,0.000,0.000,0.000,0.000,0.000,359.844,180.062,60.909,0,0,1,0,100,0,,,
13.980,-51.476,0.243,-49.389,0.000,0.000,0.000,0.000,0.000,359.844,180.062,60.909,0,0,1,0,100,0,,,
14.000,-51.476,0.243,-49.389,0.000,0.000,0.000,0.000,0.000,359.844,180.062,60.909,0,0,1,0,100,0,,,
14.020,-51.476,0.243,-49.389,0.000,0.000,0.000,0.000,0.000,359.844,180.062,60.909,0,0,1,0,100,0,,,
14.040,-51.476,0.243,-49.389,0.000,0.000,0.000,0.000,0.000,359.844,180.062,60.909,0,0,1,0,100,0,,,
14.060,-51.476,0.243,-49.389,0.000,0.000,0.000,0.000,0.000,359.844,180.062,60.909,0,0,1,0,100,0,,,
14.080,-51.476,0.243,-49.389,0.000,0.000,0.000,0.000,0.000,359.844,180.062,60.909,0,0,1,0,100,0,,,
14.100,-51.476,0.243,-49.389,0.000,0.000,0.000,0.000,0.000,359.844,180.062,60.909,0,0,1,0,100,0,,,
14.120,-51.476,0.243,-49.389,0.000,0.000,0.000,0.000,0.000,359.844,180.062,60.909,0,0,1,0,100,0,,,
14.140,-51.476,0.243,-49.389,0.000,0.000,0.000,0.000,0.000,359.844,180.062,60.909,0,0,1,0,100,0,,,
14.160,-51.476,0.243,-49.389,0.000,0.000,0.000,0.000,0.000,359.844,180.062,60.909,0,0,1,0,100,0,,,
14.180,-51.476,0.243,-49.389,0.000,0.000,0.000,0.000,0.000,359.844,180.062,60.909,0,0,1,0,100,0,,,
14.200,-51.476,0.243,-49.389,0.000,0.000,0.000,0.000,0.000,359.844,180.062,60.909,0,0,1,0,100,0,,,
14.220,-51.476,0.243,-49.389,0.000,0.000,0.000,0.000,0.000,359.844,180.062,60.909,0,0,1,0,100,0,,,
