t,x,y,z,vx,vy,vz,speed,spin,rx,ry,rz,held,holders,controls,kinematic,aimx,aimy,aimz
0.020,-18.512,0.340,-35.415,0.000,0.000,0.000,0.000,0.000,0.000,200.850,90.000,0,0,0,0,,,
0.040,-18.512,0.340,-35.415,0.000,0.000,0.000,0.000,0.000,0.000,200.850,90.000,0,0,0,0,,,
0.060,-18.512,0.340,-35.415,0.000,0.000,0.000,0.000,0.000,0.000,200.850,90.000,0,0,0,0,,,
0.080,-18.512,0.340,-35.415,0.000,0.000,0.000,0.000,0.000,0.000,200.850,90.000,0,0,0,0,,,
0.100,-18.512,0.340,-35.415,0.000,0.000,0.000,0.000,0.000,0.000,200.850,90.000,0,0,0,0,,,
0.120,-18.512,0.340,-35.415,0.000,0.000,0.000,0.000,0.000,0.000,200.850,90.000,0,0,0,0,,,
0.140,-18.512,0.340,-35.415,0.000,0.000,0.000,0.000,0.000,0.000,200.850,90.000,0,0,0,0,,,
0.160,-18.512,0.340,-35.415,0.000,0.000,0.000,0.000,0.000,0.000,200.850,90.000,0,0,0,0,,,
0.180,-18.512,0.340,-35.415,0.000,0.000,0.000,0.000,0.000,0.000,200.850,90.000,0,0,0,0,,,
0.200,-18.512,0.340,-35.415,0.000,0.000,0.000,0.000,0.000,0.000,200.850,90.000,0,0,0,0,,,
0.220,-18.512,0.340,-35.415,0.000,0.000,0.000,0.000,0.000,0.000,200.850,90.000,0,0,0,0,,,
0.240,-18.512,0.340,-35.415,0.000,0.000,0.000,0.000,0.000,0.000,200.850,90.000,0,0,0,0,,,
0.260,-18.512,0.340,-35.415,0.000,0.000,0.000,0.000,0.000,0.000,200.850,90.000,0,0,0,0,,,
0.280,-18.512,0.340,-35.415,0.000,0.000,0.000,0.000,0.000,0.000,200.850,90.000,0,0,0,0,,,
0.300,-18.512,0.340,-35.415,0.000,0.000,0.000,0.000,0.000,0.000,200.850,90.000,0,0,0,0,,,
0.320,-18.512,0.340,-35.415,0.000,0.000,0.000,0.000,0.000,0.000,200.850,90.000,0,0,0,0,,,
0.340,-18.512,0.340,-35.415,0.000,0.000,0.000,0.000,0.000,0.000,200.850,90.000,0,0,0,0,,,
0.360,-18.512,0.340,-35.415,0.000,0.000,0.000,0.000,0.000,0.000,200.850,90.000,0,0,0,0,,,
0.380,-18.512,0.340,-35.415,0.000,0.000,0.000,0.000,0.000,0.000,200.850,90.000,0,0,0,0,,,
0.400,-18.512,0.340,-35.415,0.000,0.000,0.000,0.000,0.000,0.000,200.850,90.000,0,0,0,0,,,
0.420,-18.512,0.340,-35.415,0.000,0.000,0.000,0.000,0.000,0.000,200.850,90.000,0,0,0,0,,,
0.440,-18.512,0.340,-35.415,0.000,0.000,0.000,0.000,0.000,0.000,200.850,90.000,0,0,0,0,,,
0.460,-18.512,0.340,-35.415,0.000,0.000,0.000,0.000,0.000,0.000,200.850,90.000,0,0,0,0,,,
0.480,-18.512,0.340,-35.415,0.000,0.000,0.000,0.000,0.000,0.000,200.850,90.000,0,0,0,0,,,
0.500,-18.512,0.340,-35.415,0.000,0.000,0.000,0.000,0.000,0.000,200.850,90.000,0,0,0,0,,,
0.520,-18.512,0.340,-35.415,0.000,0.000,0.000,0.000,0.000,0.000,200.850,90.000,0,0,0,0,,,
0.540,-18.512,0.340,-35.415,0.000,0.000,0.000,0.000,0.000,0.000,200.850,90.000,0,0,0,0,,,
0.560,-18.512,0.340,-35.415,0.000,0.000,0.000,0.000,0.000,0.000,200.850,90.000,0,0,0,0,,,
0.580,-18.512,0.340,-35.415,0.000,0.000,0.000,0.000,0.000,0.000,200.850,90.000,0,0,0,0,,,
0.600,-18.512,0.340,-35.415,0.000,0.000,0.000,0.000,0.000,0.000,200.850,90.000,0,0,0,0,,,
0.620,-18.512,0.340,-35.415,0.000,0.000,0.000,0.000,0.000,0.000,200.850,90.000,0,0,0,0,,,
0.640,-18.512,0.340,-35.415,0.000,0.000,0.000,0.000,0.000,0.000,200.850,90.000,0,0,0,0,,,
0.660,-18.512,0.340,-35.415,0.000,0.000,0.000,0.000,0.000,0.000,200.850,90.000,0,0,0,0,,,
0.680,-18.512,0.340,-35.415,0.000,0.000,0.000,0.000,0.000,0.000,200.850,90.000,0,0,0,0,,,
0.700,-18.512,0.340,-35.415,0.000,0.000,0.000,0.000,0.000,0.000,200.850,90.000,0,0,0,0,,,
0.720,-18.512,0.340,-35.415,0.000,0.000,0.000,0.000,0.000,0.000,200.850,90.000,0,0,0,0,,,
0.740,-18.512,0.340,-35.415,0.000,0.000,0.000,0.000,0.000,0.000,200.850,90.000,0,0,0,0,,,
0.760,-18.512,0.340,-35.415,0.000,0.000,0.000,0.000,0.000,0.000,200.850,90.000,0,0,0,0,,,
0.780,-18.512,0.340,-35.415,0.000,0.000,0.000,0.000,0.000,0.000,200.850,90.000,0,0,0,0,,,
0.800,-18.512,0.340,-35.415,0.000,0.000,0.000,0.000,0.000,0.000,200.850,90.000,0,0,0,0,,,
0.820,-18.512,0.340,-35.415,0.000,0.000,0.000,0.000,0.000,0.000,200.850,90.000,0,0,0,0,,,
0.840,-18.512,0.340,-35.415,0.000,0.000,0.000,0.000,0.000,0.000,200.850,90.000,0,0,0,0,,,
0.860,-18.512,0.340,-35.415,0.000,0.000,0.000,0.000,0.000,0.000,200.850,90.000,0,0,0,0,,,
0.880,-18.512,0.340,-35.415,0.000,0.000,0.000,0.000,0.000,0.000,200.850,90.000,0,0,0,0,,,
0.900,-18.512,0.340,-35.415,0.000,0.000,0.000,0.000,0.000,0.000,200.850,90.000,0,0,0,0,,,
0.920,-18.512,0.340,-35.415,0.000,0.000,0.000,0.000,0.000,0.000,200.850,90.000,0,0,0,0,,,
0.940,-18.512,0.340,-35.415,0.000,0.000,0.000,0.000,0.000,0.000,200.850,90.000,0,0,0,0,,,
0.960,-18.512,0.340,-35.415,0.000,0.000,0.000,0.000,0.000,0.000,200.850,90.000,0,0,0,0,,,
0.980,-18.512,0.340,-35.415,0.000,0.000,0.000,0.000,0.000,0.000,200.850,90.000,0,0,0,0,,,
1.000,-18.512,0.340,-35.415,0.000,0.000,0.000,0.000,0.000,0.000,200.850,90.000,0,0,0,0,,,
1.020,-18.512,0.340,-35.415,0.000,0.000,0.000,0.000,0.000,0.000,200.850,90.000,0,0,0,0,,,
1.040,-18.512,0.340,-35.415,0.000,0.000,0.000,0.000,0.000,0.000,200.850,90.000,0,0,0,0,,,
1.060,-18.512,0.340,-35.415,0.000,0.000,0.000,0.000,0.000,0.000,200.850,90.000,0,0,0,0,,,
1.080,-18.512,0.340,-35.415,0.000,0.000,0.000,0.000,0.000,0.000,200.850,90.000,0,0,0,0,,,
1.100,-18.512,0.340,-35.415,0.000,0.000,0.000,0.000,0.000,0.000,200.850,90.000,0,0,0,0,,,
1.120,-18.512,0.340,-35.415,0.000,0.000,0.000,0.000,0.000,0.000,200.850,90.000,0,0,0,0,,,
1.140,-18.512,0.340,-35.415,0.000,0.000,0.000,0.000,0.000,0.000,200.850,90.000,0,0,0,0,,,
1.160,-18.512,0.340,-35.415,0.000,0.000,0.000,0.000,0.000,0.000,200.850,90.000,0,0,0,0,,,
1.180,-18.512,0.340,-35.415,0.000,0.000,0.000,0.000,0.000,0.000,200.850,90.000,0,0,0,0,,,
1.200,-18.512,0.340,-35.415,0.000,0.000,0.000,0.000,0.000,0.000,200.850,90.000,0,0,0,0,,,
1.220,-18.512,0.340,-35.415,0.000,0.000,0.000,0.000,0.000,0.000,200.850,90.000,0,0,0,0,,,
1.240,-18.512,0.340,-35.415,0.000,0.000,0.000,0.000,0.000,0.000,200.850,90.000,0,0,0,0,,,
1.260,-18.512,0.340,-35.415,0.000,0.000,0.000,0.000,0.000,0.000,200.850,90.000,0,0,0,0,,,
1.280,-18.512,0.340,-35.415,0.000,0.000,0.000,0.000,0.000,0.000,200.850,90.000,0,0,0,0,,,
1.300,-18.512,0.340,-35.415,0.000,0.000,0.000,0.000,0.000,0.000,200.850,90.000,0,0,0,0,,,
1.320,-18.512,0.340,-35.415,0.000,0.000,0.000,0.000,0.000,0.000,200.850,90.000,0,0,0,0,,,
1.340,-18.512,0.340,-35.415,0.000,0.000,0.000,0.000,0.000,0.000,200.850,90.000,0,0,0,0,,,
1.360,-18.512,0.340,-35.415,0.000,0.000,0.000,0.000,0.000,0.000,200.850,90.000,0,0,0,0,,,
1.380,-18.512,0.340,-35.415,0.000,0.000,0.000,0.000,0.000,0.000,200.850,90.000,0,0,0,0,,,
1.400,-18.512,0.340,-35.415,0.000,0.000,0.000,0.000,0.000,0.000,200.850,90.000,0,0,0,0,,,
1.420,-18.512,0.340,-35.415,0.000,0.000,0.000,0.000,0.000,0.000,200.850,90.000,0,0,0,0,,,
1.440,-18.512,0.340,-35.415,0.000,0.000,0.000,0.000,0.000,0.000,200.850,90.000,0,0,0,0,,,
1.460,-18.512,0.340,-35.415,0.000,0.000,0.000,0.000,0.000,0.000,200.850,90.000,0,0,0,0,,,
1.480,-18.512,0.340,-35.415,0.000,0.000,0.000,0.000,0.000,0.000,200.850,90.000,0,0,0,0,,,
1.500,-18.512,0.340,-35.415,0.000,0.000,0.000,0.000,0.000,0.000,200.850,90.000,0,0,0,0,,,
1.520,-18.512,0.340,-35.415,0.000,0.000,0.000,0.000,0.000,0.000,200.850,90.000,0,0,0,0,,,
1.540,-18.512,0.340,-35.415,0.000,0.000,0.000,0.000,0.000,0.000,200.850,90.000,0,0,0,0,,,
1.560,-18.512,0.340,-35.415,0.000,0.000,0.000,0.000,0.000,0.000,200.850,90.000,0,0,0,0,,,
1.580,-18.512,0.340,-35.415,0.000,0.000,0.000,0.000,0.000,0.000,200.850,90.000,0,0,0,0,,,
1.600,-18.512,0.340,-35.415,0.000,0.000,0.000,0.000,0.000,0.000,200.850,90.000,0,0,0,0,,,
1.620,-18.512,0.340,-35.415,0.000,0.000,0.000,0.000,0.000,0.000,200.850,90.000,0,0,0,0,,,
1.640,-18.512,0.340,-35.415,0.000,0.000,0.000,0.000,0.000,0.000,200.850,90.000,0,0,0,0,,,
1.660,-18.512,0.340,-35.415,0.000,0.000,0.000,0.000,0.000,0.000,200.850,90.000,0,0,0,0,,,
1.680,-18.512,0.340,-35.415,0.000,0.000,0.000,0.000,0.000,0.000,200.850,90.000,0,0,0,0,,,
1.700,-18.512,0.340,-35.415,0.000,0.000,0.000,0.000,0.000,0.000,200.850,90.000,0,0,0,0,,,
1.720,-18.512,0.340,-35.415,0.000,0.000,0.000,0.000,0.000,0.000,200.850,90.000,0,0,0,0,,,
1.740,-18.512,0.340,-35.415,0.000,0.000,0.000,0.000,0.000,0.000,200.850,90.000,0,0,0,0,,,
1.760,-18.512,0.340,-35.415,0.000,0.000,0.000,0.000,0.000,0.000,200.850,90.000,0,0,0,0,,,
1.780,-18.512,0.340,-35.415,0.000,0.000,0.000,0.000,0.000,0.000,200.850,90.000,0,0,0,0,,,
1.800,-18.512,0.340,-35.415,0.000,0.000,0.000,0.000,0.000,0.000,200.850,90.000,0,0,0,0,,,
1.820,-18.512,0.340,-35.415,0.000,0.000,0.000,0.000,0.000,0.000,200.850,90.000,0,0,0,0,,,
1.840,-18.512,0.340,-35.415,0.000,0.000,0.000,0.000,0.000,0.000,200.850,90.000,0,0,0,0,,,
1.860,-18.512,0.340,-35.415,0.000,0.000,0.000,0.000,0.000,0.000,200.850,90.000,0,0,0,0,,,
1.880,-18.512,0.340,-35.415,0.000,0.000,0.000,0.000,0.000,0.000,200.850,90.000,0,0,0,0,,,
1.900,-18.512,0.340,-35.415,0.000,0.000,0.000,0.000,0.000,0.000,200.850,90.000,0,0,0,0,,,
1.920,-18.512,0.340,-35.415,0.000,0.000,0.000,0.000,0.000,0.000,200.850,90.000,1,1,0,0,-18.377,0.178,-35.274
1.940,-18.512,0.340,-35.415,0.000,0.000,0.000,0.000,0.000,0.000,200.850,90.000,1,1,0,0,-18.377,0.178,-35.274
1.960,-18.512,0.340,-35.415,0.000,0.000,0.000,0.000,0.000,0.000,200.850,90.000,1,1,0,0,-18.377,0.178,-35.274
1.980,-18.512,0.340,-35.415,0.000,0.000,0.000,0.000,0.000,0.000,200.850,90.000,1,1,0,0,-18.377,0.178,-35.274
2.000,-18.512,0.340,-35.415,0.000,0.000,0.000,0.000,0.000,0.000,200.850,90.000,1,1,0,0,-18.377,0.176,-35.274
2.020,-18.512,0.340,-35.415,0.000,0.000,0.000,0.000,0.000,0.000,200.850,90.000,1,1,0,0,-18.377,0.176,-35.274
2.040,-18.512,0.340,-35.415,0.000,0.000,0.000,0.000,0.000,0.000,200.850,90.000,1,1,0,0,-18.377,0.176,-35.274
2.060,-18.512,0.340,-35.415,0.000,0.000,0.000,0.000,0.000,0.000,200.850,90.000,1,1,0,0,-18.377,0.176,-35.274
2.080,-18.512,0.340,-35.415,0.000,0.000,0.000,0.000,0.000,0.000,200.850,90.000,1,1,0,0,-18.377,0.176,-35.274
2.100,-18.512,0.340,-35.415,0.000,0.000,0.000,0.000,0.000,0.000,200.850,90.000,1,1,0,0,-18.377,0.176,-35.274
2.120,-18.512,0.340,-35.415,0.000,0.000,0.000,0.000,0.000,0.000,200.850,90.000,1,1,0,0,-18.377,0.176,-35.274
2.140,-18.512,0.340,-35.415,0.000,0.000,0.000,0.000,0.000,0.000,200.850,90.000,1,1,0,0,-18.377,0.176,-35.274
2.160,-18.512,0.340,-35.415,0.000,0.000,0.000,0.000,0.000,359.990,200.850,90.053,1,1,0,0,-18.377,0.176,-35.274
2.180,-18.512,0.340,-35.415,0.000,0.000,0.000,0.000,0.000,359.979,200.850,90.112,1,1,0,0,-18.377,0.176,-35.274
2.200,-18.512,0.340,-35.415,0.000,0.000,0.000,0.000,0.000,359.980,200.842,90.157,1,1,0,0,-18.377,0.176,-35.274
2.220,-18.512,0.340,-35.415,0.000,0.000,0.000,0.000,0.000,0.010,200.811,90.163,1,1,0,0,-18.377,0.176,-35.274
2.240,-18.512,0.340,-35.416,0.000,0.000,0.000,0.000,0.000,0.044,200.778,90.169,1,1,0,0,-18.377,0.176,-35.274
2.260,-18.512,0.340,-35.416,0.000,0.000,0.000,0.000,0.000,0.028,200.742,90.139,1,1,0,0,-18.377,0.176,-35.274
2.280,-18.512,0.340,-35.416,0.000,0.000,0.000,0.000,0.000,0.004,200.706,90.104,1,1,0,0,-18.377,0.176,-35.274
2.300,-18.511,0.340,-35.415,0.000,0.000,0.000,0.000,0.000,359.986,200.680,90.078,1,1,0,0,-18.377,0.176,-35.274
2.320,-18.506,0.340,-35.410,0.000,0.000,0.000,0.000,0.000,359.986,200.680,90.078,1,1,0,0,-18.377,0.176,-35.274
2.340,-18.501,0.340,-35.406,0.000,0.000,0.000,0.000,0.000,359.986,200.680,90.078,1,1,0,0,-18.377,0.176,-35.274
2.360,-18.492,0.340,-35.396,0.000,0.000,0.000,0.000,0.000,359.991,200.685,90.052,1,1,0,0,-18.377,0.176,-35.274
2.380,-18.483,0.340,-35.385,0.000,0.000,0.000,0.000,0.000,-0.004,200.691,90.022,1,1,0,0,-18.377,0.176,-35.274
2.400,-18.474,0.340,-35.376,0.000,0.000,0.000,0.000,0.000,-0.002,200.693,90.010,1,1,0,0,-18.377,0.176,-35.274
2.420,-18.469,0.340,-35.370,0.000,0.000,0.000,0.000,0.000,359.992,200.687,90.042,1,1,0,0,-18.377,0.176,-35.274
2.440,-18.463,0.340,-35.364,0.000,0.000,0.000,0.000,0.000,359.987,200.682,90.070,1,1,0,0,-18.377,0.176,-35.274
2.460,-18.462,0.340,-35.363,0.000,0.000,0.000,0.000,0.000,359.986,200.680,90.078,1,1,0,0,-18.377,0.176,-35.274
2.480,-18.462,0.340,-35.363,0.000,0.000,0.000,0.000,0.000,359.986,200.680,90.078,1,1,0,0,-18.377,0.176,-35.274
2.500,-18.462,0.340,-35.363,0.000,0.000,0.000,0.000,0.000,359.986,200.680,90.078,1,1,0,0,-18.377,0.176,-35.274
2.520,-18.462,0.340,-35.364,0.000,0.000,0.000,0.000,0.000,359.986,200.680,90.078,1,1,0,0,-18.377,0.176,-35.274
2.540,-18.462,0.340,-35.364,0.000,0.000,0.000,0.000,0.000,359.986,200.680,90.078,1,1,0,0,-18.377,0.177,-35.274
2.560,-18.462,0.340,-35.364,0.000,0.000,0.000,0.000,0.000,359.986,200.680,90.078,1,1,0,0,-18.377,0.176,-35.274
2.580,-18.462,0.340,-35.364,0.000,0.000,0.000,0.000,0.000,359.986,200.680,90.078,1,1,0,0,-18.377,0.176,-35.274
2.600,-18.462,0.340,-35.364,0.000,0.000,0.000,0.000,0.000,-0.005,200.671,90.080,1,1,0,0,-18.377,0.176,-35.274
2.620,-18.462,0.340,-35.364,0.000,0.000,0.000,0.000,0.000,0.024,200.642,90.085,1,1,0,0,-18.377,0.176,-35.274
2.640,-18.462,0.340,-35.364,0.000,0.000,0.000,0.000,0.000,0.059,200.608,90.091,1,1,0,0,-18.377,0.176,-35.274
2.660,-18.462,0.340,-35.364,0.000,0.000,0.000,0.000,0.000,0.064,200.603,90.092,1,1,0,0,-18.377,0.176,-35.274
2.680,-18.462,0.340,-35.364,0.000,0.000,0.000,0.000,0.000,0.064,200.603,90.092,1,1,0,0,-18.377,0.176,-35.274
2.700,-18.462,0.340,-35.364,0.000,0.000,0.000,0.000,0.000,0.054,200.593,90.090,1,1,0,0,-18.377,0.176,-35.274
2.720,-18.462,0.340,-35.364,0.000,0.000,0.000,0.000,0.000,0.024,200.563,90.085,1,1,0,0,-18.377,0.176,-35.274
2.740,-18.462,0.340,-35.364,0.000,0.000,0.000,0.000,0.000,359.994,200.533,90.079,1,1,0,0,-18.377,0.176,-35.274
2.760,-18.462,0.340,-35.364,0.000,0.000,0.000,0.000,0.000,359.986,200.525,90.078,1,1,0,0,-18.377,0.176,-35.274
2.780,-18.462,0.340,-35.364,0.000,0.000,0.000,0.000,0.000,359.986,200.525,90.078,1,1,0,0,-18.377,0.176,-35.274
2.800,-18.462,0.340,-35.364,0.000,0.000,0.000,0.000,0.000,359.986,200.525,90.078,1,1,0,0,-18.377,0.176,-35.274
2.820,-18.462,0.340,-35.364,0.000,0.000,0.000,0.000,0.000,359.986,200.525,90.078,1,1,0,0,-18.377,0.176,-35.274
2.840,-18.462,0.340,-35.364,0.000,0.000,0.000,0.000,0.000,359.986,200.525,90.078,1,1,0,0,-18.377,0.176,-35.274
2.860,-18.461,0.340,-35.364,0.000,0.000,0.000,0.000,0.000,359.986,200.525,90.078,1,1,0,0,-18.377,0.176,-35.274
2.880,-18.461,0.340,-35.364,0.000,0.000,0.000,0.000,0.000,359.986,200.525,90.078,1,1,0,0,-18.377,0.176,-35.274
2.900,-18.460,0.340,-35.364,-0.001,-0.002,0.000,0.002,0.010,-0.003,200.525,90.017,1,1,0,0,-17.873,2.250,-34.717
2.920,-18.460,0.340,-35.364,0.000,0.000,0.000,0.000,0.000,-0.003,200.525,90.017,1,1,0,0,-17.873,2.250,-34.717
2.940,-18.460,0.340,-35.364,0.000,0.000,0.000,0.000,0.000,-0.003,200.525,90.017,1,1,0,0,-17.873,2.250,-34.717
2.960,-18.460,0.340,-35.364,0.000,0.000,0.000,0.000,0.000,359.986,200.525,90.078,1,1,0,0,-17.873,2.247,-34.717
2.980,-18.460,0.340,-35.364,0.000,0.000,0.000,0.000,0.000,359.986,200.525,90.078,1,1,0,0,-17.873,2.248,-34.717
3.000,-18.460,0.340,-35.364,0.000,0.000,0.000,0.000,0.000,359.986,200.525,90.078,1,1,0,0,-17.873,2.248,-34.717
3.020,-18.460,0.340,-35.364,0.000,0.000,0.000,0.000,0.000,359.986,200.525,90.078,1,1,0,0,-17.873,2.247,-34.717
3.040,-18.460,0.340,-35.364,0.000,0.000,0.000,0.000,0.000,359.986,200.525,90.078,1,1,0,0,-17.873,2.247,-34.717
3.060,-18.460,0.340,-35.364,0.000,0.000,0.000,0.000,0.000,359.986,200.525,90.078,1,1,0,0,-17.873,2.247,-34.717
3.080,-18.460,0.340,-35.364,0.000,0.000,0.000,0.000,0.000,359.986,200.525,90.078,1,1,0,0,-17.873,2.247,-34.717
3.100,-18.451,0.344,-35.354,0.000,0.000,0.000,0.000,0.000,359.986,200.525,90.078,1,1,0,0,-17.873,2.247,-34.717
3.120,-18.430,0.353,-35.330,0.000,0.000,0.000,0.000,0.000,359.986,200.525,90.078,1,1,0,0,-17.873,2.247,-34.717
3.140,-18.410,0.361,-35.308,0.000,0.000,0.000,0.000,0.000,359.986,200.525,90.078,1,1,0,0,-17.873,2.247,-34.717
3.160,-18.352,0.389,-35.272,0.000,0.000,0.000,0.000,0.000,358.796,197.693,88.269,1,1,0,0,-17.873,2.247,-34.717
3.180,-18.293,0.418,-35.239,0.000,0.000,0.000,0.000,0.000,357.238,194.312,86.159,1,1,0,0,-17.873,2.247,-34.717
3.200,-18.230,0.454,-35.211,0.000,0.000,0.000,0.000,0.000,354.670,189.887,83.621,1,1,0,0,-17.873,2.247,-34.717
3.220,-18.178,0.497,-35.205,0.000,0.000,0.000,0.000,0.000,350.180,183.961,80.779,1,1,0,0,-17.873,2.247,-34.717
3.240,-18.123,0.543,-35.199,0.000,0.000,0.000,0.000,0.000,345.172,177.870,78.270,1,1,0,0,-17.873,2.247,-34.717
3.260,-18.093,0.603,-35.186,0.000,0.000,0.000,0.000,0.000,340.127,173.924,87.054,1,1,0,0,-17.873,2.247,-34.717
3.280,-18.071,0.659,-35.172,0.000,0.000,0.000,0.000,0.000,336.236,169.978,97.520,1,1,0,0,-17.873,2.247,-34.717
3.300,-18.051,0.718,-35.155,0.000,0.000,0.000,0.000,0.000,332.268,166.016,107.301,1,1,0,0,-17.873,2.247,-34.717
3.320,-18.038,0.775,-35.131,0.000,0.000,0.000,0.000,0.000,327.330,163.417,114.026,1,1,0,0,-17.873,2.247,-34.717
3.340,-18.025,0.829,-35.108,0.000,0.000,0.000,0.000,0.000,322.911,160.138,121.067,1,1,0,0,-17.873,2.247,-34.717
3.360,-18.014,0.898,-35.083,0.000,0.000,0.000,0.000,0.000,318.805,158.197,121.323,1,1,0,0,-17.873,2.247,-34.717
3.380,-18.005,0.956,-35.062,0.000,0.000,0.000,0.000,0.000,315.581,157.393,119.156,1,1,0,0,-17.873,2.247,-34.717
3.400,-17.999,1.023,-35.044,0.000,0.000,0.000,0.000,0.000,312.557,156.614,118.889,1,1,0,0,-17.873,2.247,-34.717
3.420,-17.996,1.100,-35.030,0.000,0.000,0.000,0.000,0.000,310.196,155.589,122.182,1,1,0,0,-17.873,2.247,-34.717
3.440,-17.992,1.197,-35.013,0.000,0.000,0.000,0.000,0.000,307.287,153.905,126.676,1,1,0,0,-17.873,2.247,-34.717
3.460,-17.989,1.281,-34.994,0.000,0.000,0.000,0.000,0.000,304.853,152.620,127.202,1,1,0,0,-17.873,2.247,-34.717
3.480,-17.985,1.377,-34.973,0.000,0.000,0.000,0.000,0.000,302.062,151.166,127.067,1,1,0,0,-17.873,2.247,-34.717
3.500,-17.982,1.459,-34.954,0.000,0.000,0.000,0.000,0.000,299.693,149.827,126.917,1,1,0,0,-17.873,2.247,-34.717
3.520,-17.980,1.523,-34.938,0.000,0.000,0.000,0.000,0.000,297.925,148.737,126.578,1,1,0,0,-17.873,2.247,-34.717
3.540,-17.978,1.588,-34.922,0.000,0.000,0.000,0.000,0.000,296.102,147.570,126.288,1,1,0,0,-17.873,2.247,-34.717
3.560,-17.979,1.641,-34.909,0.000,0.000,0.000,0.000,0.000,294.051,146.135,126.843,1,1,0,0,-17.873,2.247,-34.717
3.580,-17.980,1.700,-34.895,0.000,0.000,0.000,0.000,0.000,291.616,144.157,127.979,1,1,0,0,-17.873,2.247,-34.717
3.600,-17.981,1.743,-34.885,0.000,0.000,0.000,0.000,0.000,289.961,142.795,128.819,1,1,0,0,-17.873,2.247,-34.717
3.620,-17.982,1.773,-34.877,0.000,0.000,0.000,0.000,0.000,289.177,142.655,128.849,1,1,0,0,-17.873,2.247,-34.717
3.640,-17.983,1.807,-34.869,0.000,0.000,0.000,0.000,0.000,288.293,142.488,128.890,1,1,0,0,-17.873,2.247,-34.717
3.660,-17.983,1.830,-34.865,0.000,0.000,0.000,0.000,0.000,287.743,142.760,128.523,1,1,0,0,-17.873,2.247,-34.717
3.680,-17.983,1.852,-34.861,0.000,0.000,0.000,0.000,0.000,287.248,143.127,128.065,1,1,0,0,-17.873,2.247,-34.717
3.700,-17.983,1.870,-34.858,0.000,0.000,0.000,0.000,0.000,286.847,143.572,127.553,1,1,0,0,-17.873,2.247,-34.717
3.720,-17.981,1.886,-34.856,0.000,0.000,0.000,0.000,0.000,286.598,144.285,126.815,1,1,0,0,-17.873,2.247,-34.717
3.740,-17.980,1.900,-34.854,0.000,0.000,0.000,0.000,0.000,286.382,144.929,126.149,1,1,0,0,-17.873,2.247,-34.717
3.760,-17.979,1.910,-34.854,0.000,0.000,0.000,0.000,0.000,286.237,145.658,125.358,1,1,0,0,-17.873,2.247,-34.717
3.780,-17.979,1.920,-34.854,0.000,0.000,0.000,0.000,0.000,286.113,146.397,124.551,1,1,0,0,-17.873,2.247,-34.717
3.800,-17.978,1.928,-34.854,0.000,0.000,0.000,0.000,0.000,286.027,146.994,123.910,1,1,0,0,-17.873,2.247,-34.717
3.820,-17.977,1.935,-34.854,0.000,0.000,0.000,0.000,0.000,285.988,147.533,123.371,1,1,0,0,-17.873,2.247,-34.717
3.840,-17.976,1.941,-34.854,0.000,0.000,0.000,0.000,0.000,285.953,148.024,122.880,1,1,0,0,-17.873,2.247,-34.717
3.860,-17.975,1.946,-34.854,0.000,0.000,0.000,0.000,0.000,285.924,148.594,122.292,1,1,0,0,-17.873,2.247,-34.717
3.880,-17.975,1.950,-34.855,0.000,0.000,0.000,0.000,0.000,285.898,149.159,121.705,1,1,0,0,-17.873,2.247,-34.717
3.900,-17.974,1.954,-34.855,0.000,0.000,0.000,0.000,0.000,285.884,149.652,121.183,1,1,0,0,-17.873,2.247,-34.717
3.920,-17.973,1.956,-34.855,0.000,0.000,0.000,0.000,0.000,285.905,149.838,120.955,1,1,0,0,-17.873,2.247,-34.717
3.940,-17.972,1.958,-34.855,0.000,0.000,0.000,0.000,0.000,285.927,150.039,120.709,1,1,0,0,-17.873,2.247,-34.717
3.960,-17.972,1.959,-34.855,0.000,0.000,0.000,0.000,0.000,285.967,150.187,120.587,1,1,0,0,-17.873,2.247,-34.717
3.980,-17.972,1.959,-34.855,0.000,0.000,0.000,0.000,0.000,286.003,150.284,120.533,1,1,0,0,-17.873,2.247,-34.717
4.000,-17.972,1.959,-34.855,0.000,0.000,0.000,0.000,0.000,286.048,150.337,120.511,1,1,0,0,-17.873,2.247,-34.717
4.020,-17.971,1.960,-34.856,0.000,0.000,0.000,0.000,0.000,286.112,150.275,120.573,1,1,0,0,-17.873,2.247,-34.717
4.040,-17.970,1.961,-34.856,0.000,0.000,0.000,0.000,0.000,286.166,150.224,120.624,1,1,0,0,-17.873,2.247,-34.717
4.060,-17.970,1.961,-34.856,0.000,0.000,0.000,0.000,0.000,286.204,150.195,120.672,1,1,0,0,-17.873,2.247,-34.717
4.080,-17.970,1.961,-34.857,0.000,0.000,0.000,0.000,0.000,286.231,150.179,120.711,1,1,0,0,-17.873,2.247,-34.717
4.100,-17.970,1.961,-34.857,0.000,0.000,0.000,0.000,0.000,286.263,150.220,120.678,1,1,0,0,-17.873,2.247,-34.717
4.120,-17.970,1.962,-34.858,0.000,0.000,0.000,0.000,0.000,286.313,150.398,120.476,1,1,0,0,-17.873,2.247,-34.717
4.140,-17.970,1.963,-34.858,0.000,0.000,0.000,0.000,0.000,286.361,150.565,120.288,1,1,0,0,-17.873,2.247,-34.717
4.160,-17.970,1.963,-34.858,0.000,0.000,0.000,0.000,0.000,286.372,150.606,120.242,1,1,0,0,-17.873,2.247,-34.717
4.180,-17.970,1.963,-34.858,0.000,0.000,0.000,0.000,0.000,286.372,150.606,120.242,1,1,0,0,-17.873,2.247,-34.717
4.200,-17.970,1.963,-34.858,0.000,0.000,0.000,0.000,0.000,286.382,150.600,120.256,1,1,0,0,-17.873,2.247,-34.717
4.220,-17.969,1.963,-34.858,0.000,0.000,0.000,0.000,0.000,286.407,150.584,120.293,1,1,0,0,-17.873,2.247,-34.717
4.240,-17.968,1.963,-34.859,0.000,0.000,0.000,0.000,0.000,286.433,150.566,120.332,1,1,0,0,-17.873,2.247,-34.717
4.260,-17.968,1.964,-34.859,0.000,0.000,0.000,0.000,0.000,286.428,150.668,120.236,1,1,0,0,-17.873,2.247,-34.717
4.280,-17.968,1.964,-34.859,0.000,0.000,0.000,0.000,0.000,286.412,150.811,120.094,1,1,0,0,-17.873,2.247,-34.717
4.300,-17.968,1.965,-34.859,0.000,0.000,0.000,0.000,0.000,286.401,150.902,120.003,1,1,0,0,-17.873,2.247,-34.717
4.320,-17.968,1.965,-34.859,0.000,0.000,0.000,0.000,0.000,286.401,150.902,120.003,1,1,0,0,-17.873,2.247,-34.717
4.340,-17.968,1.965,-34.859,0.000,0.000,0.000,0.000,0.000,286.401,150.902,120.003,1,1,0,0,-17.873,2.247,-34.717
4.360,-17.968,1.966,-34.859,0.000,0.000,0.000,0.000,0.000,286.401,150.902,120.003,1,1,0,0,-17.873,2.247,-34.717
4.380,-17.968,1.966,-34.859,0.000,0.000,0.000,0.000,0.000,286.401,150.902,120.003,1,1,0,0,-17.873,2.247,-34.717
4.400,-17.968,1.967,-34.859,0.000,0.000,0.000,0.000,0.000,286.402,150.919,119.982,1,1,0,0,-17.873,2.247,-34.717
4.420,-17.968,1.967,-34.859,0.000,0.000,0.000,0.000,0.000,286.408,151.022,119.854,1,1,0,0,-17.873,2.247,-34.717
4.440,-17.968,1.967,-34.859,0.000,0.000,0.000,0.000,0.000,286.412,151.101,119.756,1,1,0,0,-17.873,2.247,-34.717
4.460,-17.968,1.967,-34.859,0.000,0.000,0.000,0.000,0.000,286.390,151.171,119.694,1,1,0,0,-17.873,2.247,-34.717
4.480,-17.968,1.967,-34.859,0.000,0.000,0.000,0.000,0.000,286.354,151.215,119.673,1,1,0,0,-17.873,2.247,-34.717
4.500,-17.968,1.967,-34.859,0.000,0.000,0.000,0.000,0.000,286.331,151.244,119.660,1,1,0,0,-17.873,2.247,-34.717
4.520,-17.968,1.968,-34.859,0.000,0.000,0.000,0.000,0.000,286.331,151.244,119.660,1,1,0,0,-17.873,2.247,-34.717
4.540,-17.968,1.969,-34.859,0.000,0.000,0.000,0.000,0.000,286.331,151.244,119.660,1,1,0,0,-17.873,2.247,-34.717
4.560,-17.968,1.969,-34.859,0.000,0.000,0.000,0.000,0.000,286.331,151.244,119.660,1,1,0,0,-17.873,2.247,-34.717
4.580,-17.968,1.969,-34.859,0.000,0.000,0.000,0.000,0.000,286.331,151.244,119.660,1,1,0,0,-17.873,2.247,-34.717
4.600,-17.968,1.969,-34.859,0.000,0.000,0.000,0.000,0.000,286.323,151.250,119.647,1,1,0,0,-17.873,2.247,-34.717
4.620,-17.968,1.970,-34.859,0.000,0.000,0.000,0.000,0.000,286.298,151.268,119.608,1,1,0,0,-17.873,2.247,-34.717
4.640,-17.968,1.971,-34.859,0.000,0.000,0.000,0.000,0.000,286.271,151.287,119.567,1,1,0,0,-17.873,2.247,-34.717
4.660,-17.968,1.971,-34.859,0.000,0.000,0.000,0.000,0.000,286.273,151.386,119.480,1,1,0,0,-17.873,2.247,-34.717
4.680,-17.968,1.971,-34.859,0.000,0.000,0.000,0.000,0.000,286.281,151.471,119.411,1,1,0,0,-17.873,2.248,-34.717
4.700,-17.968,1.971,-34.859,0.000,0.000,0.000,0.000,0.000,286.293,151.590,119.315,1,1,0,0,-17.873,2.247,-34.717
4.720,-17.968,1.972,-34.859,0.000,0.000,0.000,0.000,0.000,286.293,151.590,119.315,1,1,0,0,-17.873,2.247,-34.717
4.740,-17.968,1.973,-34.859,0.000,0.000,0.000,0.000,0.000,286.293,151.590,119.315,1,1,0,0,-17.873,2.247,-34.717
4.760,-17.968,1.973,-34.859,0.000,0.000,0.000,0.000,0.000,286.293,151.590,119.315,1,1,0,0,-17.873,2.247,-34.717
4.780,-17.968,1.973,-34.859,0.000,0.000,0.000,0.000,0.000,286.293,151.590,119.315,1,1,0,0,-17.873,2.247,-34.717
4.800,-17.968,1.973,-34.859,0.000,0.000,0.000,0.000,0.000,286.295,151.623,119.274,1,1,0,0,-17.873,2.247,-34.717
4.820,-17.968,1.973,-34.859,0.000,0.000,0.000,0.000,0.000,286.300,151.715,119.161,1,1,0,0,-17.873,2.247,-34.717
4.840,-17.968,1.973,-34.859,0.000,0.000,0.000,0.000,0.000,286.306,151.816,119.035,1,1,0,0,-17.873,2.247,-34.717
4.860,-17.967,1.974,-34.859,0.000,0.000,0.000,0.000,0.000,286.307,151.829,119.019,1,1,0,0,-17.873,2.247,-34.717
4.880,-17.967,1.974,-34.859,0.000,0.000,0.000,0.000,0.000,286.307,151.829,119.019,1,1,0,0,-17.873,2.247,-34.717
4.900,-17.966,1.975,-34.859,0.000,0.000,0.000,0.000,0.000,286.307,151.829,119.019,1,1,0,0,-17.873,2.247,-34.717
4.920,-17.966,1.975,-34.859,0.000,0.000,0.000,0.000,0.000,286.307,151.829,119.019,1,1,0,0,-17.873,2.247,-34.717
4.940,-17.966,1.975,-34.859,0.000,0.000,0.000,0.000,0.000,286.307,151.829,119.019,1,1,0,0,-17.873,2.247,-34.717
4.960,-17.966,1.975,-34.859,0.000,0.000,0.000,0.000,0.000,286.281,151.863,119.003,1,1,0,0,-17.873,2.247,-34.717
4.980,-17.966,1.975,-34.859,0.000,0.000,0.000,0.000,0.000,286.247,151.906,118.982,1,1,0,0,-17.873,2.247,-34.717
5.000,-17.966,1.975,-34.859,0.000,0.000,0.000,0.000,0.000,286.224,151.937,118.968,1,1,0,0,-17.873,2.247,-34.717
5.020,-17.966,1.976,-34.859,0.000,0.000,0.000,0.000,0.000,286.224,151.937,118.968,1,1,0,0,-17.873,2.247,-34.717
5.040,-17.966,1.977,-34.859,0.000,0.000,0.000,0.000,0.000,286.224,151.937,118.968,1,1,0,0,-17.873,2.247,-34.717
5.060,-17.966,1.977,-34.859,0.000,0.000,0.000,0.000,0.000,286.228,152.006,118.882,1,1,0,0,-17.873,2.248,-34.717
5.080,-17.966,1.977,-34.859,0.000,0.000,0.000,0.000,0.000,286.234,152.108,118.755,1,1,0,0,-17.873,2.247,-34.717
5.100,-17.966,1.977,-34.859,0.000,0.000,0.000,0.000,0.000,286.242,152.210,118.644,1,1,0,0,-17.873,2.247,-34.717
5.120,-17.966,1.978,-34.859,0.000,0.000,0.000,0.000,0.000,286.254,152.329,118.547,1,1,0,0,-17.873,2.247,-34.717
5.140,-17.966,1.979,-34.859,0.000,0.000,0.000,0.000,0.000,286.266,152.446,118.453,1,1,0,0,-17.873,2.247,-34.717
5.160,-17.966,1.979,-34.859,0.000,0.000,0.000,0.000,0.000,286.269,152.473,118.432,1,1,0,0,-17.873,2.247,-34.717
5.180,-17.966,1.979,-34.859,0.000,0.000,0.000,0.000,0.000,286.269,152.473,118.432,1,1,0,0,-17.873,2.247,-34.717
5.200,-17.966,1.979,-34.859,0.000,0.000,0.000,0.000,0.000,286.281,152.457,118.439,1,1,0,0,-17.873,2.247,-34.717
5.220,-17.966,1.979,-34.859,0.000,0.000,0.000,0.000,0.000,286.309,152.419,118.458,1,1,0,0,-17.873,2.247,-34.717
5.240,-17.966,1.979,-34.860,0.000,0.000,0.000,0.000,0.000,286.347,152.370,118.481,1,1,0,0,-17.873,2.247,-34.717
5.260,-17.966,1.980,-34.860,0.000,0.000,0.000,0.000,0.000,286.329,152.393,118.470,1,1,0,0,-17.873,2.247,-34.717
5.280,-17.966,1.980,-34.860,0.000,0.000,0.000,0.000,0.000,286.294,152.439,118.448,1,1,0,0,-17.873,2.247,-34.717
5.300,-17.966,1.981,-34.860,0.000,0.000,0.000,0.000,0.000,286.261,152.479,118.418,1,1,0,0,-17.873,2.247,-34.717
5.320,-17.966,1.981,-34.860,0.000,0.000,0.000,0.000,0.000,286.236,152.499,118.378,1,1,0,0,-17.873,2.247,-34.717
5.340,-17.966,1.981,-34.860,0.000,0.000,0.000,0.000,0.000,286.209,152.521,118.333,1,1,0,0,-17.873,2.247,-34.717
5.360,-17.966,1.981,-34.860,0.000,0.000,0.000,0.000,0.000,286.202,152.527,118.321,1,1,0,0,-17.873,2.247,-34.717
5.380,-17.966,1.981,-34.860,0.000,0.000,0.000,0.000,0.000,286.202,152.527,118.321,1,1,0,0,-17.873,2.247,-34.717
5.400,-17.966,1.981,-34.860,0.000,0.000,0.000,0.000,0.000,286.202,152.527,118.321,1,1,0,0,-17.873,2.247,-34.717
5.420,-17.966,1.982,-34.860,0.000,0.000,0.000,0.000,0.000,286.202,152.527,118.321,1,1,0,0,-17.873,2.247,-34.717
5.440,-17.966,1.983,-34.860,0.000,0.000,0.000,0.000,0.000,286.202,152.527,118.321,1,1,0,0,-17.873,2.247,-34.717
5.460,-17.966,1.983,-34.860,0.000,0.000,0.000,0.000,0.000,286.178,152.559,118.305,1,1,0,0,-17.873,2.247,-34.717
5.480,-17.966,1.983,-34.860,0.000,0.000,0.000,0.000,0.000,286.147,152.600,118.285,1,1,0,0,-17.873,2.248,-34.717
5.500,-17.966,1.983,-34.860,0.000,0.000,0.000,0.000,0.000,286.121,152.669,118.228,1,1,0,0,-17.873,2.247,-34.717
5.520,-17.966,1.983,-34.860,0.000,0.000,0.000,0.000,0.000,286.127,152.761,118.115,1,1,0,0,-17.873,2.247,-34.717
5.540,-17.966,1.983,-34.860,0.000,0.000,0.000,0.000,0.000,286.133,152.849,118.005,1,1,0,0,-17.873,2.247,-34.717
5.560,-17.965,1.984,-34.860,0.000,0.000,0.000,0.000,0.000,286.135,152.878,117.969,1,1,0,0,-17.873,2.247,-34.717
5.580,-17.965,1.984,-34.860,0.000,0.000,0.000,0.000,0.000,286.135,152.878,117.969,1,1,0,0,-17.873,2.247,-34.717
5.600,-17.964,1.985,-34.860,0.000,0.000,0.000,0.000,0.000,286.139,152.915,117.939,1,1,0,0,-17.873,2.247,-34.717
5.620,-17.964,1.985,-34.860,0.000,0.000,0.000,0.000,0.000,286.151,153.031,117.845,1,1,0,0,-17.873,2.247,-34.717
5.640,-17.964,1.985,-34.860,0.000,0.000,0.000,0.000,0.000,286.164,153.154,117.746,1,1,0,0,-17.873,2.247,-34.717
5.660,-17.964,1.985,-34.860,0.000,0.000,0.000,0.000,0.000,286.136,153.102,117.768,1,1,0,0,-17.873,2.247,-34.717
5.680,-17.964,1.985,-34.860,0.000,0.000,0.000,0.000,0.000,286.098,153.008,117.817,1,1,0,0,-17.873,2.247,-34.717
5.700,-17.964,1.985,-34.860,0.000,0.000,0.000,0.000,0.000,286.070,152.956,117.839,1,1,0,0,-17.873,2.248,-34.717
5.720,-17.964,1.986,-34.860,0.000,0.000,0.000,0.000,0.000,286.083,153.075,117.743,1,1,0,0,-17.873,2.248,-34.717
5.740,-17.964,1.987,-34.860,0.000,0.000,0.000,0.000,0.000,286.097,153.208,117.636,1,1,0,0,-17.873,2.247,-34.717
5.760,-17.964,1.987,-34.860,0.000,0.000,0.000,0.000,0.000,286.100,153.233,117.615,1,1,0,0,-17.873,2.247,-34.717
5.780,-17.964,1.987,-34.860,0.000,0.000,0.000,0.000,0.000,286.100,153.233,117.615,1,1,0,0,-17.873,2.247,-34.717
5.800,-17.964,1.987,-34.860,0.000,0.000,0.000,0.000,0.000,286.100,153.233,117.615,1,1,0,0,-17.873,2.247,-34.717
5.820,-17.964,1.987,-34.860,0.000,0.000,0.000,0.000,0.000,286.100,153.233,117.615,1,1,0,0,-17.873,2.247,-34.717
5.840,-17.964,1.987,-34.860,0.000,0.000,0.000,0.000,0.000,286.100,153.233,117.615,1,1,0,0,-17.873,2.247,-34.717
5.860,-17.964,1.988,-34.860,0.000,0.000,0.000,0.000,0.000,286.105,153.315,117.514,1,1,0,0,-17.873,2.247,-34.717
5.880,-17.964,1.988,-34.860,0.000,0.000,0.000,0.000,0.000,286.111,153.399,117.410,1,1,0,0,-17.873,2.247,-34.717
5.900,-17.964,1.989,-34.860,0.000,0.000,0.000,0.000,0.000,286.115,153.455,117.341,1,1,0,0,-17.873,2.247,-34.717
5.920,-17.964,1.989,-34.860,0.000,0.000,0.000,0.000,0.000,286.109,153.374,117.441,1,1,0,0,-17.873,2.248,-34.717
5.940,-17.964,1.989,-34.860,0.000,0.000,0.000,0.000,0.000,286.103,153.289,117.545,1,1,0,0,-17.873,2.248,-34.717
5.960,-17.964,1.989,-34.860,0.000,0.000,0.000,0.000,0.000,286.077,153.264,117.599,1,1,0,0,-17.873,2.247,-34.717
5.980,-17.964,1.990,-34.860,0.000,0.000,0.000,0.000,0.000,286.047,153.307,117.577,1,1,0,0,-17.873,2.248,-34.717
6.000,-17.964,1.990,-34.860,0.000,0.000,0.000,0.000,0.000,286.026,153.360,117.534,1,1,0,0,-17.873,2.247,-34.717
6.020,-17.964,1.990,-34.860,0.000,0.000,0.000,0.000,0.000,286.026,153.360,117.534,1,1,0,0,-17.873,2.247,-34.717
6.040,-17.964,1.990,-34.860,0.000,0.000,0.000,0.000,0.000,286.026,153.360,117.534,1,1,0,0,-17.873,2.247,-34.717
6.060,-17.964,1.990,-34.860,0.000,0.000,0.000,0.000,0.000,286.026,153.360,117.534,1,1,0,0,-17.873,2.247,-34.717
6.080,-17.964,1.990,-34.860,0.000,0.000,0.000,0.000,0.000,286.116,153.474,117.318,1,1,0,0,-17.873,2.247,-34.717
6.100,-17.964,1.990,-34.860,0.000,0.000,0.000,0.000,0.000,286.120,153.510,117.288,1,1,0,0,-17.873,2.247,-34.717
6.120,-17.964,1.991,-34.860,0.000,0.000,0.000,0.000,0.000,286.132,153.620,117.199,1,1,0,0,-17.873,2.247,-34.717
6.140,-17.964,1.992,-34.860,0.000,0.000,0.000,0.000,0.000,286.146,153.746,117.097,1,1,0,0,-17.873,2.247,-34.717
6.160,-17.964,1.992,-34.860,0.000,0.000,0.000,0.000,0.000,286.120,153.811,117.057,1,1,0,0,-17.873,2.247,-34.717
6.180,-17.964,1.992,-34.860,0.000,0.000,0.000,0.000,0.000,286.092,153.850,117.036,1,1,0,0,-17.873,2.247,-34.717
6.200,-17.964,1.992,-34.860,0.000,0.000,0.000,0.000,0.000,286.076,153.872,117.025,1,1,0,0,-17.873,2.247,-34.717
6.220,-17.964,1.992,-34.860,0.000,0.000,0.000,0.000,0.000,286.111,153.823,117.050,1,1,0,0,-17.873,2.247,-34.717
6.240,-17.964,1.992,-34.860,0.000,0.000,0.000,0.000,0.000,286.140,153.782,117.072,1,1,0,0,-17.873,2.247,-34.717
6.260,-17.963,1.992,-34.860,0.000,0.000,0.000,0.000,0.000,286.148,153.770,117.078,1,1,0,0,-17.873,2.247,-34.717
6.280,-17.963,1.993,-34.860,0.000,0.000,0.000,0.000,0.000,286.148,153.770,117.078,1,1,0,0,-17.873,2.247,-34.717
6.300,-17.962,1.993,-34.860,0.000,0.000,0.000,0.000,0.000,286.162,153.803,117.061,1,1,0,0,-17.873,2.247,-34.717
6.320,-17.962,1.993,-34.860,0.000,0.000,0.000,0.000,0.000,286.199,153.891,117.015,1,1,0,0,-17.873,2.247,-34.717
6.340,-17.962,1.993,-34.861,0.000,0.000,0.000,0.000,0.000,286.243,153.994,116.962,1,1,0,0,-17.873,2.247,-34.717
6.360,-17.962,1.993,-34.861,0.000,0.000,0.000,0.000,0.000,286.297,153.944,117.017,1,1,0,0,-17.873,2.247,-34.717
6.380,-17.962,1.993,-34.862,0.000,0.000,0.000,0.000,0.000,286.353,153.878,117.083,1,1,0,0,-17.873,2.247,-34.717
6.400,-17.962,1.993,-34.862,0.000,0.000,0.000,0.000,0.000,286.396,153.828,117.133,1,1,0,0,-17.873,2.247,-34.717
6.420,-17.962,1.993,-34.862,0.000,0.000,0.000,0.000,0.000,286.396,153.828,117.133,1,1,0,0,-17.873,2.248,-34.717
6.440,-17.962,1.993,-34.862,0.000,0.000,0.000,0.000,0.000,286.396,153.828,117.133,1,1,0,0,-17.873,2.247,-34.717
6.460,-17.962,1.993,-34.862,0.000,0.000,0.000,0.000,0.000,286.350,153.882,117.079,1,1,0,0,-17.873,2.247,-34.717
6.480,-17.962,1.993,-34.862,0.000,0.000,0.000,0.000,0.000,286.286,153.957,117.004,1,1,0,0,-17.873,2.247,-34.717
6.500,-17.962,1.993,-34.862,0.000,0.000,0.000,0.000,0.000,286.247,154.004,116.957,1,1,0,0,-17.873,2.247,-34.717
6.520,-17.962,1.993,-34.862,0.000,0.000,0.000,0.000,0.000,286.247,154.004,116.957,1,1,0,0,-17.873,2.247,-34.717
6.540,-17.962,1.993,-34.862,0.000,0.000,0.000,0.000,0.000,286.247,154.004,116.957,1,1,0,0,-17.873,2.247,-34.717
6.560,-17.962,1.993,-34.862,0.000,0.000,0.000,0.000,0.000,286.253,154.081,116.861,1,1,0,0,-17.873,2.247,-34.717
6.580,-17.962,1.993,-34.862,0.000,0.000,0.000,0.000,0.000,286.260,154.178,116.741,1,1,0,0,-17.873,2.247,-34.717
6.600,-17.962,1.993,-34.862,0.000,0.000,0.000,0.000,0.000,286.263,154.219,116.691,1,1,0,0,-17.873,2.247,-34.717
6.620,-17.962,1.994,-34.861,0.000,0.000,0.000,0.000,0.000,286.256,154.121,116.812,1,1,0,0,-17.873,2.247,-34.717
6.640,-17.962,1.995,-34.860,0.000,0.000,0.000,0.000,0.000,286.249,154.023,116.934,1,1,0,0,-17.873,2.247,-34.717
6.660,-17.962,1.995,-34.860,0.000,0.000,0.000,0.000,0.000,286.252,154.075,116.869,1,1,0,0,-17.873,2.247,-34.717
6.680,-17.962,1.995,-34.861,0.000,0.000,0.000,0.000,0.000,286.260,154.178,116.742,1,1,0,0,-17.873,2.247,-34.717
6.700,-17.962,1.995,-34.861,0.000,0.000,0.000,0.000,0.000,286.259,154.246,116.653,1,1,0,0,-17.873,2.247,-34.717
6.720,-17.962,1.995,-34.861,0.000,0.000,0.000,0.000,0.000,286.232,154.272,116.605,1,1,0,0,-17.873,2.247,-34.717
6.740,-17.962,1.995,-34.861,0.000,0.000,0.000,0.000,0.000,286.212,154.290,116.569,1,1,0,0,-17.873,2.248,-34.717
6.760,-17.962,1.995,-34.861,0.000,0.000,0.000,0.000,0.000,286.173,154.340,116.526,1,1,0,0,-17.873,2.247,-34.717
6.780,-17.962,1.995,-34.861,0.000,0.000,0.000,0.000,0.000,286.137,154.392,116.498,1,1,0,0,-17.873,2.247,-34.717
6.800,-17.962,1.995,-34.861,0.000,0.000,0.000,0.000,0.000,286.126,154.408,116.489,1,1,0,0,-17.873,2.247,-34.717
6.820,-17.962,1.995,-34.861,0.000,0.000,0.000,0.000,0.000,286.156,154.364,116.513,1,1,0,0,-17.873,2.247,-34.717
6.840,-17.962,1.995,-34.861,0.000,0.000,0.000,0.000,0.000,286.191,154.314,116.539,1,1,0,0,-17.873,2.247,-34.717
6.860,-17.962,1.995,-34.861,0.000,0.000,0.000,0.000,0.000,286.221,154.281,116.586,1,1,0,0,-17.873,2.247,-34.717
6.880,-17.962,1.995,-34.861,0.000,0.000,0.000,0.000,0.000,286.244,154.260,116.628,1,1,0,0,-17.873,2.247,-34.717
6.900,-17.962,1.995,-34.861,0.000,0.000,0.000,0.000,0.000,286.264,154.241,116.663,1,1,0,0,-17.873,2.247,-34.717
6.920,-17.962,1.995,-34.862,0.000,0.000,0.000,0.000,0.000,286.264,154.241,116.663,1,1,0,0,-17.873,2.247,-34.717
6.940,-17.962,1.995,-34.862,0.000,0.000,0.000,0.000,0.000,286.264,154.241,116.663,1,1,0,0,-17.873,2.247,-34.717
6.960,-17.962,1.995,-34.862,0.000,0.000,0.000,0.000,0.000,286.292,154.201,116.684,1,1,0,0,-17.873,2.247,-34.717
6.980,-17.962,1.995,-34.862,0.000,0.000,0.000,0.000,0.000,286.321,154.160,116.706,1,1,0,0,-17.873,2.248,-34.717
7.000,-17.962,1.995,-34.862,0.000,0.000,0.000,0.000,0.000,286.338,154.135,116.719,1,1,0,0,-17.873,2.247,-34.717
7.020,-17.962,1.996,-34.862,0.000,0.000,0.000,0.000,0.000,286.307,154.180,116.695,1,1,0,0,-17.873,2.247,-34.717
7.040,-17.962,1.997,-34.862,0.000,0.000,0.000,0.000,0.000,286.271,154.231,116.669,1,1,0,0,-17.873,2.247,-34.717
7.060,-17.962,1.997,-34.862,0.000,0.000,0.000,0.000,0.000,286.242,154.262,116.623,1,1,0,0,-17.873,2.247,-34.717
7.080,-17.962,1.997,-34.862,0.000,0.000,0.000,0.000,0.000,286.216,154.286,116.577,1,1,0,0,-17.873,2.247,-34.717
7.100,-17.962,1.997,-34.862,0.000,0.000,0.000,0.000,0.000,286.187,154.319,116.536,1,1,0,0,-17.873,2.247,-34.717
7.120,-17.962,1.998,-34.861,0.000,0.000,0.000,0.000,0.000,286.157,154.363,116.513,1,1,0,0,-17.873,2.247,-34.717
7.140,-17.962,1.998,-34.860,0.000,0.000,0.000,0.000,0.000,286.122,154.415,116.486,1,1,0,0,-17.873,2.247,-34.717
7.160,-17.962,1.998,-34.860,0.000,0.000,0.000,0.000,0.000,286.116,154.422,116.482,1,1,0,0,-17.873,2.247,-34.717
7.180,-17.962,1.998,-34.860,0.000,0.000,0.000,0.000,0.000,286.116,154.422,116.482,1,1,0,0,-17.873,2.247,-34.717
7.200,-17.962,1.998,-34.860,0.000,0.000,0.000,0.000,0.000,286.109,154.429,116.469,1,1,0,0,-17.873,2.247,-34.717
7.220,-17.962,1.998,-34.860,0.000,0.000,0.000,0.000,0.000,286.082,154.456,116.419,1,1,0,0,-17.873,2.247,-34.717
7.240,-17.962,1.998,-34.860,0.000,0.000,0.000,0.000,0.000,286.057,154.480,116.374,1,1,0,0,-17.873,2.247,-34.717
7.260,-17.962,1.998,-34.860,0.000,0.000,0.000,0.000,0.000,286.024,154.524,116.341,1,1,0,0,-17.873,2.247,-34.717
7.280,-17.962,1.998,-34.860,0.000,0.000,0.000,0.000,0.000,285.994,154.569,116.317,1,1,0,0,-17.873,2.247,-34.717
7.300,-17.962,1.998,-34.860,0.000,0.000,0.000,0.000,0.000,285.976,154.597,116.302,1,1,0,0,-17.873,2.247,-34.717
7.320,-17.962,1.998,-34.860,0.000,0.000,0.000,0.000,0.000,286.010,154.545,116.330,1,1,0,0,-17.873,2.247,-34.717
7.340,-17.962,1.998,-34.860,0.000,0.000,0.000,0.000,0.000,286.043,154.498,116.356,1,1,0,0,-17.873,2.247,-34.717
7.360,-17.962,1.999,-34.860,0.000,0.000,0.000,0.000,0.000,286.050,154.487,116.361,1,1,0,0,-17.873,2.247,-34.717
7.380,-17.962,1.999,-34.860,0.000,0.000,0.000,0.000,0.000,286.050,154.487,116.361,1,1,0,0,-17.873,2.248,-34.717
7.400,-17.962,2.000,-34.860,0.000,0.000,0.000,0.000,0.000,286.040,154.501,116.354,1,1,0,0,-17.873,2.247,-34.717
7.420,-17.962,2.000,-34.860,0.000,0.000,0.000,0.000,0.000,286.008,154.549,116.328,1,1,0,0,-17.873,2.247,-34.717
7.440,-17.962,2.000,-34.860,0.000,0.000,0.000,0.000,0.000,285.976,154.596,116.303,1,1,0,0,-17.873,2.247,-34.717
7.460,-17.962,2.000,-34.860,0.000,0.000,0.000,0.000,0.000,285.968,154.608,116.296,1,1,0,0,-17.873,2.247,-34.717
7.480,-17.962,2.000,-34.860,0.000,0.000,0.000,0.000,0.000,285.968,154.608,116.296,1,1,0,0,-17.873,2.247,-34.717
7.500,-17.962,2.000,-34.860,0.000,0.000,0.000,0.000,0.000,285.968,154.608,116.296,1,1,0,0,-17.873,2.247,-34.717
7.520,-17.962,2.000,-34.860,0.000,0.000,0.000,0.000,0.000,285.968,154.608,116.296,1,1,0,0,-17.873,2.247,-34.717
7.540,-17.962,2.000,-34.860,0.000,0.000,0.000,0.000,0.000,285.968,154.608,116.296,1,1,0,0,-17.873,2.247,-34.717
7.560,-17.962,2.000,-34.860,0.000,0.000,0.000,0.000,0.000,285.995,154.568,116.318,1,1,0,0,-17.873,2.247,-34.717
7.580,-17.962,2.000,-34.860,0.000,0.000,0.000,0.000,0.000,286.027,154.520,116.343,1,1,0,0,-17.873,2.247,-34.717
7.600,-17.962,2.000,-34.860,0.000,0.000,0.000,0.000,0.000,286.055,154.482,116.371,1,1,0,0,-17.873,2.247,-34.717
7.620,-17.962,2.000,-34.860,0.000,0.000,0.000,0.000,0.000,286.080,154.458,116.416,1,1,0,0,-17.873,2.248,-34.717
7.640,-17.962,2.000,-34.861,0.000,0.000,0.000,0.000,0.000,286.113,154.426,116.475,1,1,0,0,-17.873,2.247,-34.717
7.660,-17.961,2.000,-34.861,0.000,0.000,0.000,0.000,0.000,286.126,154.505,116.415,1,1,0,0,-17.873,2.247,-34.717
